"genome_id","gtdb_release","Domain","Phylum","Class","Order","Family","Genus","Species","Organism","accession","name","trna_aa_count","contig_count","n50_contigs","longest_contig","scaffold_count","n50_scaffolds","longest_scaffold","genome_size","gc_percentage","ambiguous_bases","checkm_completeness","checkm_contamination","checkm_strain_heterogeneity","lsu_5s_count","ssu_count","lsu_23s_count","protein_count","coding_density","ncbi_genbank_assembly_accession","ncbi_strain_identifiers","ncbi_assembly_level","ncbi_assembly_name","ncbi_assembly_type","ncbi_bioproject","ncbi_biosample","ncbi_country","ncbi_date","ncbi_genome_category","ncbi_genome_representation","ncbi_isolate","ncbi_isolation_source","ncbi_lat_lon","ncbi_molecule_count","ncbi_cds_count","ncbi_refseq_category","ncbi_seq_rel_date","ncbi_spanned_gaps","ncbi_species_taxid","ncbi_ssu_count","ncbi_submitter","ncbi_taxid","ncbi_total_gap_length","ncbi_translation_table","ncbi_trna_count","ncbi_unspanned_gaps","ncbi_version_status","ncbi_wgs_master","gtdbTypeDesignation","gtdbTypeDesignationSources","lpsnTypeDesignation","dsmzTypeDesignation","lpsnPriorityYear","gtdbTypeSpeciesOfGenus","ncbi_taxonomy","ncbi_taxonomy_unfiltered","gtdb_representative","gtdb_genome_representative","ncbi_type_material_designation","gtdbDomain","gtdbPhylum","gtdbClass","gtdbOrder","gtdbFamily","gtdbGenus","gtdbSpecies","gtdbTypeDesignation.1","subunit_summary","speciesRepName","speciesClusterCount","lpsnUrl","link_ncbi_taxonomy","link_ncbi_taxonomy_unfiltered","X0","X1","X2","X3","X4","X5","X6","ncbiTaxonomyUnfiltered","detail","Organism_short","tree_color","tree_color_label","tree_color_MRCA","tree_label"
"GCF_003635025.1","R214","d__Bacteria","p__Actinomycetota","c__Actinomycetia","o__Mycobacteriales","f__Pseudonocardiaceae","g__Saccharopolyspora","antimicrobica","s__Saccharopolyspora antimicrobica","GCA_003635025.1","GCF_003635025.1",19,2,8125734,8125734,2,8125734,8125734,8266186,70.3862337479462,0,100,3.19,7.69,5,5,6,7658,87.5135038093747,"GCA_003635025.1","DSM 45119","Contig","ASM363502v1","na","PRJNA224116","SAMN04490245","","2018-10-11",NA,"full",NA,"",NA,0,7653,"representative genome","2018/10/11",0,455193,5,"DOE Joint Genome Institute",455193,0,11,54,0,"latest","RBXX00000000.1","type strain of species","LPSN","type strain of species","type strain of species",2008,"False","d__Bacteria;p__Actinobacteria;c__Actinomycetia;o__Pseudonocardiales;f__Pseudonocardiaceae;g__Saccharopolyspora;s__Saccharopolyspora antimicrobica","d__Bacteria;x__Terrabacteria group;p__Actinobacteria;c__Actinomycetia;o__Pseudonocardiales;f__Pseudonocardiaceae;g__Saccharopolyspora;s__Saccharopolyspora antimicrobica","True","RS_GCF_003635025.1","assembly from type material","d__Bacteria","p__Actinomycetota","c__Actinomycetia","o__Mycobacteriales","f__Pseudonocardiaceae","g__Saccharopolyspora","s__Saccharopolyspora antimicrobica","type strain of species","5S/16S/23S","GCA_003635025.1",2,"https://lpsn.dsmz.de/species/saccharopolyspora-antimicrobica","<a target=\"_blank\" href=\"https://www.ncbi.nlm.nih.gov/data-hub/taxonomy/2/\">d__Bacteria</a>; <a target=\"_blank\" href=\"https://www.ncbi.nlm.nih.gov/data-hub/taxonomy/201174/\">p__Actinobacteria</a>; <a target=\"_blank\" href=\"https://www.ncbi.nlm.nih.gov/data-hub/taxonomy/1760/\">c__Actinomycetia</a>; <a target=\"_blank\" href=\"https://www.ncbi.nlm.nih.gov/data-hub/taxonomy/85010/\">o__Pseudonocardiales</a>; <a target=\"_blank\" href=\"https://www.ncbi.nlm.nih.gov/data-hub/taxonomy/2070/\">f__Pseudonocardiaceae</a>; <a target=\"_blank\" href=\"https://www.ncbi.nlm.nih.gov/data-hub/taxonomy/1835/\">g__Saccharopolyspora</a>; <a target=\"_blank\" href=\"https://www.ncbi.nlm.nih.gov/data-hub/taxonomy/455193/\">s__Saccharopolyspora antimicrobica</a>","<a target=\"_blank\" href=\"https://www.ncbi.nlm.nih.gov/data-hub/taxonomy/2/\">d__Bacteria</a>; <a target=\"_blank\" href=\"https://www.ncbi.nlm.nih.gov/data-hub/taxonomy/1783272/\">x__Terrabacteria group</a>; <a target=\"_blank\" href=\"https://www.ncbi.nlm.nih.gov/data-hub/taxonomy/201174/\">p__Actinobacteria</a>; <a target=\"_blank\" href=\"https://www.ncbi.nlm.nih.gov/data-hub/taxonomy/1760/\">c__Actinomycetia</a>; <a target=\"_blank\" href=\"https://www.ncbi.nlm.nih.gov/data-hub/taxonomy/85010/\">o__Pseudonocardiales</a>; <a target=\"_blank\" href=\"https://www.ncbi.nlm.nih.gov/data-hub/taxonomy/2070/\">f__Pseudonocardiaceae</a>; <a target=\"_blank\" href=\"https://www.ncbi.nlm.nih.gov/data-hub/taxonomy/1835/\">g__Saccharopolyspora</a>; <a target=\"_blank\" href=\"https://www.ncbi.nlm.nih.gov/data-hub/taxonomy/455193/\">s__Saccharopolyspora antimicrobica</a>","{'taxon': 'd__Bacteria', 'taxonId': '2'}","{'taxon': 'p__Actinobacteria', 'taxonId': '201174'}","{'taxon': 'c__Actinomycetia', 'taxonId': '1760'}","{'taxon': 'o__Pseudonocardiales', 'taxonId': '85010'}","{'taxon': 'f__Pseudonocardiaceae', 'taxonId': '2070'}","{'taxon': 'g__Saccharopolyspora', 'taxonId': '1835'}","{'taxon': 's__Saccharopolyspora antimicrobica', 'taxonId': '455193'}","[{'taxon': 'd__Bacteria', 'taxonId': '2'}, {'taxon': 'x__Terrabacteria group', 'taxonId': '1783272'}, {'taxon': 'p__Actinobacteria', 'taxonId': '201174'}, {'taxon': 'c__Actinomycetia', 'taxonId': '1760'}, {'taxon': 'o__Pseudonocardiales', 'taxonId': '85010'}, {'taxon': 'f__Pseudonocardiaceae', 'taxonId': '2070'}, {'taxon': 'g__Saccharopolyspora', 'taxonId': '1835'}, {'taxon': 's__Saccharopolyspora antimicrobica', 'taxonId': '455193'}]","Genome found","S. antimicrobica","#E41A1C","g__Saccharopolyspora","N10","GCF_003635025.1 - S. antimicrobica"
"GCF_900114905.1","R214","d__Bacteria","p__Actinomycetota","c__Actinomycetia","o__Mycobacteriales","f__Pseudonocardiaceae","g__Saccharopolyspora","antimicrobica","s__Saccharopolyspora antimicrobica","GCA_900114905.1","GCF_900114905.1",19,47,343399,1001818,43,345124,1889235,8219321,70.4331245701126,0,100,3.19,7.69,4,1,2,7662,87.729278367398,"GCA_900114905.1","CPCC 201259","Scaffold","IMG-taxon 2675903057 annotated assembly","na","PRJNA224116","SAMN05421805","","2016-11-05",NA,"full",NA,"",NA,0,7671,"na","2016/11/05",4,455193,5,"DOE - JOINT GENOME INSTITUTE",455193,600,11,54,0,"latest","FOUP00000000.1","not type material","","not type material","not type material",NA,"False","d__Bacteria;p__Actinobacteria;c__Actinomycetia;o__Pseudonocardiales;f__Pseudonocardiaceae;g__Saccharopolyspora;s__Saccharopolyspora antimicrobica","d__Bacteria;x__Terrabacteria group;p__Actinobacteria;c__Actinomycetia;o__Pseudonocardiales;f__Pseudonocardiaceae;g__Saccharopolyspora;s__Saccharopolyspora antimicrobica","False","RS_GCF_003635025.1","","d__Bacteria","p__Actinomycetota","c__Actinomycetia","o__Mycobacteriales","f__Pseudonocardiaceae","g__Saccharopolyspora","s__Saccharopolyspora antimicrobica","not type material","5S/16S/23S","GCA_003635025.1",2,"https://lpsn.dsmz.de/species/saccharopolyspora-antimicrobica","<a target=\"_blank\" href=\"https://www.ncbi.nlm.nih.gov/data-hub/taxonomy/2/\">d__Bacteria</a>; <a target=\"_blank\" href=\"https://www.ncbi.nlm.nih.gov/data-hub/taxonomy/201174/\">p__Actinobacteria</a>; <a target=\"_blank\" href=\"https://www.ncbi.nlm.nih.gov/data-hub/taxonomy/1760/\">c__Actinomycetia</a>; <a target=\"_blank\" href=\"https://www.ncbi.nlm.nih.gov/data-hub/taxonomy/85010/\">o__Pseudonocardiales</a>; <a target=\"_blank\" href=\"https://www.ncbi.nlm.nih.gov/data-hub/taxonomy/2070/\">f__Pseudonocardiaceae</a>; <a target=\"_blank\" href=\"https://www.ncbi.nlm.nih.gov/data-hub/taxonomy/1835/\">g__Saccharopolyspora</a>; <a target=\"_blank\" href=\"https://www.ncbi.nlm.nih.gov/data-hub/taxonomy/455193/\">s__Saccharopolyspora antimicrobica</a>","<a target=\"_blank\" href=\"https://www.ncbi.nlm.nih.gov/data-hub/taxonomy/2/\">d__Bacteria</a>; <a target=\"_blank\" href=\"https://www.ncbi.nlm.nih.gov/data-hub/taxonomy/1783272/\">x__Terrabacteria group</a>; <a target=\"_blank\" href=\"https://www.ncbi.nlm.nih.gov/data-hub/taxonomy/201174/\">p__Actinobacteria</a>; <a target=\"_blank\" href=\"https://www.ncbi.nlm.nih.gov/data-hub/taxonomy/1760/\">c__Actinomycetia</a>; <a target=\"_blank\" href=\"https://www.ncbi.nlm.nih.gov/data-hub/taxonomy/85010/\">o__Pseudonocardiales</a>; <a target=\"_blank\" href=\"https://www.ncbi.nlm.nih.gov/data-hub/taxonomy/2070/\">f__Pseudonocardiaceae</a>; <a target=\"_blank\" href=\"https://www.ncbi.nlm.nih.gov/data-hub/taxonomy/1835/\">g__Saccharopolyspora</a>; <a target=\"_blank\" href=\"https://www.ncbi.nlm.nih.gov/data-hub/taxonomy/455193/\">s__Saccharopolyspora antimicrobica</a>","{'taxon': 'd__Bacteria', 'taxonId': '2'}","{'taxon': 'p__Actinobacteria', 'taxonId': '201174'}","{'taxon': 'c__Actinomycetia', 'taxonId': '1760'}","{'taxon': 'o__Pseudonocardiales', 'taxonId': '85010'}","{'taxon': 'f__Pseudonocardiaceae', 'taxonId': '2070'}","{'taxon': 'g__Saccharopolyspora', 'taxonId': '1835'}","{'taxon': 's__Saccharopolyspora antimicrobica', 'taxonId': '455193'}","[{'taxon': 'd__Bacteria', 'taxonId': '2'}, {'taxon': 'x__Terrabacteria group', 'taxonId': '1783272'}, {'taxon': 'p__Actinobacteria', 'taxonId': '201174'}, {'taxon': 'c__Actinomycetia', 'taxonId': '1760'}, {'taxon': 'o__Pseudonocardiales', 'taxonId': '85010'}, {'taxon': 'f__Pseudonocardiaceae', 'taxonId': '2070'}, {'taxon': 'g__Saccharopolyspora', 'taxonId': '1835'}, {'taxon': 's__Saccharopolyspora antimicrobica', 'taxonId': '455193'}]","Genome found","S. antimicrobica","#E41A1C","g__Saccharopolyspora","N10","GCF_900114905.1 - S. antimicrobica"
"GCF_007829955.1","R214","d__Bacteria","p__Actinomycetota","c__Actinomycetia","o__Mycobacteriales","f__Pseudonocardiaceae","g__Saccharopolyspora","dendranthemae","s__Saccharopolyspora dendranthemae","GCA_007829955.1","GCF_007829955.1",19,8,1390797,1972629,8,1390797,1972629,6410624,69.7001727132959,0,97.34,3.88,31.25,4,4,4,5786,88.6554725405826,"GCA_007829955.1","DSM 46699","Contig","ASM782995v1","na","PRJNA224116","SAMN12024781","","2019-08-02",NA,"full",NA,"",NA,0,5780,"representative genome","2019/08/02",0,1181886,4,"DOE Joint Genome Institute",1181886,0,11,50,0,"latest","VIWX00000000.1","type strain of species","LPSN","type strain of species","type strain of species",2014,"False","d__Bacteria;p__Actinobacteria;c__Actinomycetia;o__Pseudonocardiales;f__Pseudonocardiaceae;g__Saccharopolyspora;s__Saccharopolyspora dendranthemae","d__Bacteria;x__Terrabacteria group;p__Actinobacteria;c__Actinomycetia;o__Pseudonocardiales;f__Pseudonocardiaceae;g__Saccharopolyspora;s__Saccharopolyspora dendranthemae","True","RS_GCF_007829955.1","assembly from type material","d__Bacteria","p__Actinomycetota","c__Actinomycetia","o__Mycobacteriales","f__Pseudonocardiaceae","g__Saccharopolyspora","s__Saccharopolyspora dendranthemae","type strain of species","5S/16S/23S","GCA_007829955.1",1,"https://lpsn.dsmz.de/species/saccharopolyspora-dendranthemae","<a target=\"_blank\" href=\"https://www.ncbi.nlm.nih.gov/data-hub/taxonomy/2/\">d__Bacteria</a>; <a target=\"_blank\" href=\"https://www.ncbi.nlm.nih.gov/data-hub/taxonomy/201174/\">p__Actinobacteria</a>; <a target=\"_blank\" href=\"https://www.ncbi.nlm.nih.gov/data-hub/taxonomy/1760/\">c__Actinomycetia</a>; <a target=\"_blank\" href=\"https://www.ncbi.nlm.nih.gov/data-hub/taxonomy/85010/\">o__Pseudonocardiales</a>; <a target=\"_blank\" href=\"https://www.ncbi.nlm.nih.gov/data-hub/taxonomy/2070/\">f__Pseudonocardiaceae</a>; <a target=\"_blank\" href=\"https://www.ncbi.nlm.nih.gov/data-hub/taxonomy/1835/\">g__Saccharopolyspora</a>; <a target=\"_blank\" href=\"https://www.ncbi.nlm.nih.gov/data-hub/taxonomy/1181886/\">s__Saccharopolyspora dendranthemae</a>","<a target=\"_blank\" href=\"https://www.ncbi.nlm.nih.gov/data-hub/taxonomy/2/\">d__Bacteria</a>; <a target=\"_blank\" href=\"https://www.ncbi.nlm.nih.gov/data-hub/taxonomy/1783272/\">x__Terrabacteria group</a>; <a target=\"_blank\" href=\"https://www.ncbi.nlm.nih.gov/data-hub/taxonomy/201174/\">p__Actinobacteria</a>; <a target=\"_blank\" href=\"https://www.ncbi.nlm.nih.gov/data-hub/taxonomy/1760/\">c__Actinomycetia</a>; <a target=\"_blank\" href=\"https://www.ncbi.nlm.nih.gov/data-hub/taxonomy/85010/\">o__Pseudonocardiales</a>; <a target=\"_blank\" href=\"https://www.ncbi.nlm.nih.gov/data-hub/taxonomy/2070/\">f__Pseudonocardiaceae</a>; <a target=\"_blank\" href=\"https://www.ncbi.nlm.nih.gov/data-hub/taxonomy/1835/\">g__Saccharopolyspora</a>; <a target=\"_blank\" href=\"https://www.ncbi.nlm.nih.gov/data-hub/taxonomy/1181886/\">s__Saccharopolyspora dendranthemae</a>","{'taxon': 'd__Bacteria', 'taxonId': '2'}","{'taxon': 'p__Actinobacteria', 'taxonId': '201174'}","{'taxon': 'c__Actinomycetia', 'taxonId': '1760'}","{'taxon': 'o__Pseudonocardiales', 'taxonId': '85010'}","{'taxon': 'f__Pseudonocardiaceae', 'taxonId': '2070'}","{'taxon': 'g__Saccharopolyspora', 'taxonId': '1835'}","{'taxon': 's__Saccharopolyspora dendranthemae', 'taxonId': '1181886'}","[{'taxon': 'd__Bacteria', 'taxonId': '2'}, {'taxon': 'x__Terrabacteria group', 'taxonId': '1783272'}, {'taxon': 'p__Actinobacteria', 'taxonId': '201174'}, {'taxon': 'c__Actinomycetia', 'taxonId': '1760'}, {'taxon': 'o__Pseudonocardiales', 'taxonId': '85010'}, {'taxon': 'f__Pseudonocardiaceae', 'taxonId': '2070'}, {'taxon': 'g__Saccharopolyspora', 'taxonId': '1835'}, {'taxon': 's__Saccharopolyspora dendranthemae', 'taxonId': '1181886'}]","Genome found","S. dendranthemae","#E41A1C","g__Saccharopolyspora","N10","GCF_007829955.1 - S. dendranthemae"
"GCF_018070075.1","R214","d__Bacteria","p__Actinomycetota","c__Actinomycetia","o__Mycobacteriales","f__Pseudonocardiaceae","g__Saccharopolyspora","endophytica","s__Saccharopolyspora endophytica","GCA_018070075.1","GCF_018070075.1",19,34,363995,858004,34,363995,858004,7167017,69.7525623282322,0,99.82,2.86,0,4,1,1,6643,88.392618574785,"GCA_018070075.1","KCTC 19397","Contig","ASM1807007v1","na","PRJNA224116","SAMN18713782","China: Yunnan","2021-04-18",NA,"full",NA,"ENVO:01000349",NA,0,6636,"representative genome","2021/04/18",0,543886,1,"Ondokuz Mayis University",543886,0,11,51,0,"latest","JAGPXE000000000.1","type strain of species","LPSN","type strain of species","",2021,"False","d__Bacteria;p__Actinobacteria;c__Actinomycetia;o__Pseudonocardiales;f__Pseudonocardiaceae;g__Saccharopolyspora;s__Saccharopolyspora endophytica","d__Bacteria;x__Terrabacteria group;p__Actinobacteria;c__Actinomycetia;o__Pseudonocardiales;f__Pseudonocardiaceae;g__Saccharopolyspora;s__Saccharopolyspora endophytica","True","RS_GCF_018070075.1","assembly from type material","d__Bacteria","p__Actinomycetota","c__Actinomycetia","o__Mycobacteriales","f__Pseudonocardiaceae","g__Saccharopolyspora","s__Saccharopolyspora endophytica","type strain of species","5S/16S/23S","GCA_018070075.1",3,"https://lpsn.dsmz.de/species/saccharopolyspora-endophytica","<a target=\"_blank\" href=\"https://www.ncbi.nlm.nih.gov/data-hub/taxonomy/2/\">d__Bacteria</a>; <a target=\"_blank\" href=\"https://www.ncbi.nlm.nih.gov/data-hub/taxonomy/201174/\">p__Actinobacteria</a>; <a target=\"_blank\" href=\"https://www.ncbi.nlm.nih.gov/data-hub/taxonomy/1760/\">c__Actinomycetia</a>; <a target=\"_blank\" href=\"https://www.ncbi.nlm.nih.gov/data-hub/taxonomy/85010/\">o__Pseudonocardiales</a>; <a target=\"_blank\" href=\"https://www.ncbi.nlm.nih.gov/data-hub/taxonomy/2070/\">f__Pseudonocardiaceae</a>; <a target=\"_blank\" href=\"https://www.ncbi.nlm.nih.gov/data-hub/taxonomy/1835/\">g__Saccharopolyspora</a>; <a target=\"_blank\" href=\"https://www.ncbi.nlm.nih.gov/data-hub/taxonomy/543886/\">s__Saccharopolyspora endophytica</a>","<a target=\"_blank\" href=\"https://www.ncbi.nlm.nih.gov/data-hub/taxonomy/2/\">d__Bacteria</a>; <a target=\"_blank\" href=\"https://www.ncbi.nlm.nih.gov/data-hub/taxonomy/1783272/\">x__Terrabacteria group</a>; <a target=\"_blank\" href=\"https://www.ncbi.nlm.nih.gov/data-hub/taxonomy/201174/\">p__Actinobacteria</a>; <a target=\"_blank\" href=\"https://www.ncbi.nlm.nih.gov/data-hub/taxonomy/1760/\">c__Actinomycetia</a>; <a target=\"_blank\" href=\"https://www.ncbi.nlm.nih.gov/data-hub/taxonomy/85010/\">o__Pseudonocardiales</a>; <a target=\"_blank\" href=\"https://www.ncbi.nlm.nih.gov/data-hub/taxonomy/2070/\">f__Pseudonocardiaceae</a>; <a target=\"_blank\" href=\"https://www.ncbi.nlm.nih.gov/data-hub/taxonomy/1835/\">g__Saccharopolyspora</a>; <a target=\"_blank\" href=\"https://www.ncbi.nlm.nih.gov/data-hub/taxonomy/543886/\">s__Saccharopolyspora endophytica</a>","{'taxon': 'd__Bacteria', 'taxonId': '2'}","{'taxon': 'p__Actinobacteria', 'taxonId': '201174'}","{'taxon': 'c__Actinomycetia', 'taxonId': '1760'}","{'taxon': 'o__Pseudonocardiales', 'taxonId': '85010'}","{'taxon': 'f__Pseudonocardiaceae', 'taxonId': '2070'}","{'taxon': 'g__Saccharopolyspora', 'taxonId': '1835'}","{'taxon': 's__Saccharopolyspora endophytica', 'taxonId': '543886'}","[{'taxon': 'd__Bacteria', 'taxonId': '2'}, {'taxon': 'x__Terrabacteria group', 'taxonId': '1783272'}, {'taxon': 'p__Actinobacteria', 'taxonId': '201174'}, {'taxon': 'c__Actinomycetia', 'taxonId': '1760'}, {'taxon': 'o__Pseudonocardiales', 'taxonId': '85010'}, {'taxon': 'f__Pseudonocardiaceae', 'taxonId': '2070'}, {'taxon': 'g__Saccharopolyspora', 'taxonId': '1835'}, {'taxon': 's__Saccharopolyspora endophytica', 'taxonId': '543886'}]","Genome found","S. endophytica","#E41A1C","g__Saccharopolyspora","N10","GCF_018070075.1 - S. endophytica"
"GCF_016859185.1","R214","d__Bacteria","p__Actinomycetota","c__Actinomycetia","o__Mycobacteriales","f__Pseudonocardiaceae","g__Saccharopolyspora_D","erythraea","s__Saccharopolyspora_D erythraea","GCA_016859185.1","GCF_016859185.1",19,1,8305652,8305652,1,8305652,8305652,8305652,71.1124545068828,0,100,2.65,30.77,4,4,4,7407,86.2669661575033,"GCA_016859185.1","NRRL 23338","Complete Genome","ASM1685918v1","na","PRJNA224116","SAMN17765490","China:Guangdong","2021-02-10",NA,"full",NA,"soil",NA,1,7349,"na","2021/02/10",0,1836,4,"East China University of Science and Technology",1836,0,11,50,0,"latest","","not type material","","not type material","",NA,"False","d__Bacteria;p__Actinobacteria;c__Actinomycetia;o__Pseudonocardiales;f__Pseudonocardiaceae;g__Saccharopolyspora;s__Saccharopolyspora erythraea","d__Bacteria;x__Terrabacteria group;p__Actinobacteria;c__Actinomycetia;o__Pseudonocardiales;f__Pseudonocardiaceae;g__Saccharopolyspora;s__Saccharopolyspora erythraea","False","RS_GCF_000062885.1","","d__Bacteria","p__Actinomycetota","c__Actinomycetia","o__Mycobacteriales","f__Pseudonocardiaceae","g__Saccharopolyspora_D","s__Saccharopolyspora_D erythraea","not type material","5S/16S/23S","GCA_000062885.1",6,"","<a target=\"_blank\" href=\"https://www.ncbi.nlm.nih.gov/data-hub/taxonomy/2/\">d__Bacteria</a>; <a target=\"_blank\" href=\"https://www.ncbi.nlm.nih.gov/data-hub/taxonomy/201174/\">p__Actinobacteria</a>; <a target=\"_blank\" href=\"https://www.ncbi.nlm.nih.gov/data-hub/taxonomy/1760/\">c__Actinomycetia</a>; <a target=\"_blank\" href=\"https://www.ncbi.nlm.nih.gov/data-hub/taxonomy/85010/\">o__Pseudonocardiales</a>; <a target=\"_blank\" href=\"https://www.ncbi.nlm.nih.gov/data-hub/taxonomy/2070/\">f__Pseudonocardiaceae</a>; <a target=\"_blank\" href=\"https://www.ncbi.nlm.nih.gov/data-hub/taxonomy/1835/\">g__Saccharopolyspora</a>; <a target=\"_blank\" href=\"https://www.ncbi.nlm.nih.gov/data-hub/taxonomy/1836/\">s__Saccharopolyspora erythraea</a>","<a target=\"_blank\" href=\"https://www.ncbi.nlm.nih.gov/data-hub/taxonomy/2/\">d__Bacteria</a>; <a target=\"_blank\" href=\"https://www.ncbi.nlm.nih.gov/data-hub/taxonomy/1783272/\">x__Terrabacteria group</a>; <a target=\"_blank\" href=\"https://www.ncbi.nlm.nih.gov/data-hub/taxonomy/201174/\">p__Actinobacteria</a>; <a target=\"_blank\" href=\"https://www.ncbi.nlm.nih.gov/data-hub/taxonomy/1760/\">c__Actinomycetia</a>; <a target=\"_blank\" href=\"https://www.ncbi.nlm.nih.gov/data-hub/taxonomy/85010/\">o__Pseudonocardiales</a>; <a target=\"_blank\" href=\"https://www.ncbi.nlm.nih.gov/data-hub/taxonomy/2070/\">f__Pseudonocardiaceae</a>; <a target=\"_blank\" href=\"https://www.ncbi.nlm.nih.gov/data-hub/taxonomy/1835/\">g__Saccharopolyspora</a>; <a target=\"_blank\" href=\"https://www.ncbi.nlm.nih.gov/data-hub/taxonomy/1836/\">s__Saccharopolyspora erythraea</a>","{'taxon': 'd__Bacteria', 'taxonId': '2'}","{'taxon': 'p__Actinobacteria', 'taxonId': '201174'}","{'taxon': 'c__Actinomycetia', 'taxonId': '1760'}","{'taxon': 'o__Pseudonocardiales', 'taxonId': '85010'}","{'taxon': 'f__Pseudonocardiaceae', 'taxonId': '2070'}","{'taxon': 'g__Saccharopolyspora', 'taxonId': '1835'}","{'taxon': 's__Saccharopolyspora erythraea', 'taxonId': '1836'}","[{'taxon': 'd__Bacteria', 'taxonId': '2'}, {'taxon': 'x__Terrabacteria group', 'taxonId': '1783272'}, {'taxon': 'p__Actinobacteria', 'taxonId': '201174'}, {'taxon': 'c__Actinomycetia', 'taxonId': '1760'}, {'taxon': 'o__Pseudonocardiales', 'taxonId': '85010'}, {'taxon': 'f__Pseudonocardiaceae', 'taxonId': '2070'}, {'taxon': 'g__Saccharopolyspora', 'taxonId': '1835'}, {'taxon': 's__Saccharopolyspora erythraea', 'taxonId': '1836'}]","Genome found","S. erythraea","#377EB8","g__Saccharopolyspora_D","N5","GCF_016859185.1 - S. erythraea"
"GCF_018141105.1","R214","d__Bacteria","p__Actinomycetota","c__Actinomycetia","o__Mycobacteriales","f__Pseudonocardiaceae","g__Saccharopolyspora_D","erythraea_A","s__Saccharopolyspora_D erythraea_A","GCA_018141105.1","GCF_018141105.1",19,1,8243897,8243897,1,8243897,8243897,8243897,71.0667418576433,0,99.65,2.28,15.38,4,4,4,7435,87.2829075860603,"GCA_018141105.1","SCSIO 07745","Complete Genome","ASM1814110v1","na","PRJNA224116","SAMN15207696","China:South China Sea","2021-04-27",NA,"full",NA,"deep sea sediment",NA,1,7404,"na","2021/04/27",0,1836,4,"CAS Key Laboratory of Tropical Marine Bio-resources and Ecology",1836,0,11,56,0,"latest","","not type material","","not type material","",NA,"False","d__Bacteria;p__Actinobacteria;c__Actinomycetia;o__Pseudonocardiales;f__Pseudonocardiaceae;g__Saccharopolyspora;s__Saccharopolyspora erythraea","d__Bacteria;x__Terrabacteria group;p__Actinobacteria;c__Actinomycetia;o__Pseudonocardiales;f__Pseudonocardiaceae;g__Saccharopolyspora;s__Saccharopolyspora erythraea","True","RS_GCF_018141105.1","","d__Bacteria","p__Actinomycetota","c__Actinomycetia","o__Mycobacteriales","f__Pseudonocardiaceae","g__Saccharopolyspora_D","s__Saccharopolyspora_D erythraea_A","not type material","5S/16S/23S","GCA_018141105.1",1,"","<a target=\"_blank\" href=\"https://www.ncbi.nlm.nih.gov/data-hub/taxonomy/2/\">d__Bacteria</a>; <a target=\"_blank\" href=\"https://www.ncbi.nlm.nih.gov/data-hub/taxonomy/201174/\">p__Actinobacteria</a>; <a target=\"_blank\" href=\"https://www.ncbi.nlm.nih.gov/data-hub/taxonomy/1760/\">c__Actinomycetia</a>; <a target=\"_blank\" href=\"https://www.ncbi.nlm.nih.gov/data-hub/taxonomy/85010/\">o__Pseudonocardiales</a>; <a target=\"_blank\" href=\"https://www.ncbi.nlm.nih.gov/data-hub/taxonomy/2070/\">f__Pseudonocardiaceae</a>; <a target=\"_blank\" href=\"https://www.ncbi.nlm.nih.gov/data-hub/taxonomy/1835/\">g__Saccharopolyspora</a>; <a target=\"_blank\" href=\"https://www.ncbi.nlm.nih.gov/data-hub/taxonomy/1836/\">s__Saccharopolyspora erythraea</a>","<a target=\"_blank\" href=\"https://www.ncbi.nlm.nih.gov/data-hub/taxonomy/2/\">d__Bacteria</a>; <a target=\"_blank\" href=\"https://www.ncbi.nlm.nih.gov/data-hub/taxonomy/1783272/\">x__Terrabacteria group</a>; <a target=\"_blank\" href=\"https://www.ncbi.nlm.nih.gov/data-hub/taxonomy/201174/\">p__Actinobacteria</a>; <a target=\"_blank\" href=\"https://www.ncbi.nlm.nih.gov/data-hub/taxonomy/1760/\">c__Actinomycetia</a>; <a target=\"_blank\" href=\"https://www.ncbi.nlm.nih.gov/data-hub/taxonomy/85010/\">o__Pseudonocardiales</a>; <a target=\"_blank\" href=\"https://www.ncbi.nlm.nih.gov/data-hub/taxonomy/2070/\">f__Pseudonocardiaceae</a>; <a target=\"_blank\" href=\"https://www.ncbi.nlm.nih.gov/data-hub/taxonomy/1835/\">g__Saccharopolyspora</a>; <a target=\"_blank\" href=\"https://www.ncbi.nlm.nih.gov/data-hub/taxonomy/1836/\">s__Saccharopolyspora erythraea</a>","{'taxon': 'd__Bacteria', 'taxonId': '2'}","{'taxon': 'p__Actinobacteria', 'taxonId': '201174'}","{'taxon': 'c__Actinomycetia', 'taxonId': '1760'}","{'taxon': 'o__Pseudonocardiales', 'taxonId': '85010'}","{'taxon': 'f__Pseudonocardiaceae', 'taxonId': '2070'}","{'taxon': 'g__Saccharopolyspora', 'taxonId': '1835'}","{'taxon': 's__Saccharopolyspora erythraea', 'taxonId': '1836'}","[{'taxon': 'd__Bacteria', 'taxonId': '2'}, {'taxon': 'x__Terrabacteria group', 'taxonId': '1783272'}, {'taxon': 'p__Actinobacteria', 'taxonId': '201174'}, {'taxon': 'c__Actinomycetia', 'taxonId': '1760'}, {'taxon': 'o__Pseudonocardiales', 'taxonId': '85010'}, {'taxon': 'f__Pseudonocardiaceae', 'taxonId': '2070'}, {'taxon': 'g__Saccharopolyspora', 'taxonId': '1835'}, {'taxon': 's__Saccharopolyspora erythraea', 'taxonId': '1836'}]","Genome found","S. erythraea_A","#377EB8","g__Saccharopolyspora_D","N5","GCF_018141105.1 - S. erythraea_A"
"GCF_022392385.1","unknown","d__Bacteria","p__Actinobacteriota","c__Actinomycetia","o__Mycobacteriales","f__Pseudonocardiaceae","g__Saccharopolyspora_D","erythraea","s__Saccharopolyspora_D erythraea","","",NA,NA,NA,NA,NA,NA,NA,NA,NA,NA,NA,NA,NA,NA,NA,NA,NA,NA,"","","","","","","","","",NA,"",NA,"",NA,NA,NA,"","",NA,NA,NA,"",NA,NA,NA,NA,NA,"","","","","","",NA,"","","","","","","","","","","","","","","","",NA,"","","","","","","","","","","","","S. erythraea","#377EB8","g__Saccharopolyspora_D","N5","GCF_022392385.1 - S. erythraea"
"GCF_000062885.1","R214","d__Bacteria","p__Actinomycetota","c__Actinomycetia","o__Mycobacteriales","f__Pseudonocardiaceae","g__Saccharopolyspora_D","erythraea","s__Saccharopolyspora_D erythraea","GCA_000062885.1","GCF_000062885.1",19,1,8212805,8212805,1,8212805,8212805,8212805,71.145960484877,0,100,1.95,18.18,4,4,4,7279,86.3691637631723,"GCA_000062885.1","NRRL 2338","Complete Genome","ASM6288v1","na","PRJNA224116","SAMEA2272514","","2007-03-21",NA,"full",NA,"",NA,1,7243,"representative genome","2007/03/21",0,1836,4,"Department of Biochemistry, University of Cambridge",405948,0,11,50,0,"latest","","type strain of species","LPSN","type strain of species","type strain of species",1923,"False","d__Bacteria;p__Actinobacteria;c__Actinomycetia;o__Pseudonocardiales;f__Pseudonocardiaceae;g__Saccharopolyspora;s__Saccharopolyspora erythraea","d__Bacteria;x__Terrabacteria group;p__Actinobacteria;c__Actinomycetia;o__Pseudonocardiales;f__Pseudonocardiaceae;g__Saccharopolyspora;s__Saccharopolyspora erythraea;x__Saccharopolyspora erythraea NRRL 2338","True","RS_GCF_000062885.1","assembly from type material","d__Bacteria","p__Actinomycetota","c__Actinomycetia","o__Mycobacteriales","f__Pseudonocardiaceae","g__Saccharopolyspora_D","s__Saccharopolyspora_D erythraea","type strain of species","5S/16S/23S","GCA_000062885.1",6,"","<a target=\"_blank\" href=\"https://www.ncbi.nlm.nih.gov/data-hub/taxonomy/2/\">d__Bacteria</a>; <a target=\"_blank\" href=\"https://www.ncbi.nlm.nih.gov/data-hub/taxonomy/201174/\">p__Actinobacteria</a>; <a target=\"_blank\" href=\"https://www.ncbi.nlm.nih.gov/data-hub/taxonomy/1760/\">c__Actinomycetia</a>; <a target=\"_blank\" href=\"https://www.ncbi.nlm.nih.gov/data-hub/taxonomy/85010/\">o__Pseudonocardiales</a>; <a target=\"_blank\" href=\"https://www.ncbi.nlm.nih.gov/data-hub/taxonomy/2070/\">f__Pseudonocardiaceae</a>; <a target=\"_blank\" href=\"https://www.ncbi.nlm.nih.gov/data-hub/taxonomy/1835/\">g__Saccharopolyspora</a>; <a target=\"_blank\" href=\"https://www.ncbi.nlm.nih.gov/data-hub/taxonomy/1836/\">s__Saccharopolyspora erythraea</a>","<a target=\"_blank\" href=\"https://www.ncbi.nlm.nih.gov/data-hub/taxonomy/2/\">d__Bacteria</a>; <a target=\"_blank\" href=\"https://www.ncbi.nlm.nih.gov/data-hub/taxonomy/1783272/\">x__Terrabacteria group</a>; <a target=\"_blank\" href=\"https://www.ncbi.nlm.nih.gov/data-hub/taxonomy/201174/\">p__Actinobacteria</a>; <a target=\"_blank\" href=\"https://www.ncbi.nlm.nih.gov/data-hub/taxonomy/1760/\">c__Actinomycetia</a>; <a target=\"_blank\" href=\"https://www.ncbi.nlm.nih.gov/data-hub/taxonomy/85010/\">o__Pseudonocardiales</a>; <a target=\"_blank\" href=\"https://www.ncbi.nlm.nih.gov/data-hub/taxonomy/2070/\">f__Pseudonocardiaceae</a>; <a target=\"_blank\" href=\"https://www.ncbi.nlm.nih.gov/data-hub/taxonomy/1835/\">g__Saccharopolyspora</a>; <a target=\"_blank\" href=\"https://www.ncbi.nlm.nih.gov/data-hub/taxonomy/1836/\">s__Saccharopolyspora erythraea</a>; <a target=\"_blank\" href=\"https://www.ncbi.nlm.nih.gov/data-hub/taxonomy/405948/\">x__Saccharopolyspora erythraea NRRL 2338</a>","{'taxon': 'd__Bacteria', 'taxonId': '2'}","{'taxon': 'p__Actinobacteria', 'taxonId': '201174'}","{'taxon': 'c__Actinomycetia', 'taxonId': '1760'}","{'taxon': 'o__Pseudonocardiales', 'taxonId': '85010'}","{'taxon': 'f__Pseudonocardiaceae', 'taxonId': '2070'}","{'taxon': 'g__Saccharopolyspora', 'taxonId': '1835'}","{'taxon': 's__Saccharopolyspora erythraea', 'taxonId': '1836'}","[{'taxon': 'd__Bacteria', 'taxonId': '2'}, {'taxon': 'x__Terrabacteria group', 'taxonId': '1783272'}, {'taxon': 'p__Actinobacteria', 'taxonId': '201174'}, {'taxon': 'c__Actinomycetia', 'taxonId': '1760'}, {'taxon': 'o__Pseudonocardiales', 'taxonId': '85010'}, {'taxon': 'f__Pseudonocardiaceae', 'taxonId': '2070'}, {'taxon': 'g__Saccharopolyspora', 'taxonId': '1835'}, {'taxon': 's__Saccharopolyspora erythraea', 'taxonId': '1836'}, {'taxon': 'x__Saccharopolyspora erythraea NRRL 2338', 'taxonId': '405948'}]","Genome found","S. erythraea","#377EB8","g__Saccharopolyspora_D","N5","GCF_000062885.1 - S. erythraea"
"GCF_002564065.1","R214","d__Bacteria","p__Actinomycetota","c__Actinomycetia","o__Mycobacteriales","f__Pseudonocardiaceae","g__Saccharopolyspora_D","erythraea","s__Saccharopolyspora_D erythraea","GCA_002564065.1","GCF_002564065.1",19,1,8230103,8230103,1,8230103,8230103,8230103,71.1414547302749,0,100,1.95,18.18,4,4,4,7308,86.3550674882198,"GCA_002564065.1","DSM 40517","Contig","ASM256406v1","na","PRJNA224116","SAMN05192572","","2017-10-17",NA,"full",NA,"",NA,0,7271,"na","2017/10/17",0,1836,4,"DOE Joint Genome Institute",405948,0,11,50,0,"latest","PDBV00000000.1","type strain of species","LPSN","type strain of species","type strain of species",1923,"False","d__Bacteria;p__Actinobacteria;c__Actinomycetia;o__Pseudonocardiales;f__Pseudonocardiaceae;g__Saccharopolyspora;s__Saccharopolyspora erythraea","d__Bacteria;x__Terrabacteria group;p__Actinobacteria;c__Actinomycetia;o__Pseudonocardiales;f__Pseudonocardiaceae;g__Saccharopolyspora;s__Saccharopolyspora erythraea;x__Saccharopolyspora erythraea NRRL 2338","False","RS_GCF_000062885.1","assembly from type material","d__Bacteria","p__Actinomycetota","c__Actinomycetia","o__Mycobacteriales","f__Pseudonocardiaceae","g__Saccharopolyspora_D","s__Saccharopolyspora_D erythraea","type strain of species","5S/16S/23S","GCA_000062885.1",6,"","<a target=\"_blank\" href=\"https://www.ncbi.nlm.nih.gov/data-hub/taxonomy/2/\">d__Bacteria</a>; <a target=\"_blank\" href=\"https://www.ncbi.nlm.nih.gov/data-hub/taxonomy/201174/\">p__Actinobacteria</a>; <a target=\"_blank\" href=\"https://www.ncbi.nlm.nih.gov/data-hub/taxonomy/1760/\">c__Actinomycetia</a>; <a target=\"_blank\" href=\"https://www.ncbi.nlm.nih.gov/data-hub/taxonomy/85010/\">o__Pseudonocardiales</a>; <a target=\"_blank\" href=\"https://www.ncbi.nlm.nih.gov/data-hub/taxonomy/2070/\">f__Pseudonocardiaceae</a>; <a target=\"_blank\" href=\"https://www.ncbi.nlm.nih.gov/data-hub/taxonomy/1835/\">g__Saccharopolyspora</a>; <a target=\"_blank\" href=\"https://www.ncbi.nlm.nih.gov/data-hub/taxonomy/1836/\">s__Saccharopolyspora erythraea</a>","<a target=\"_blank\" href=\"https://www.ncbi.nlm.nih.gov/data-hub/taxonomy/2/\">d__Bacteria</a>; <a target=\"_blank\" href=\"https://www.ncbi.nlm.nih.gov/data-hub/taxonomy/1783272/\">x__Terrabacteria group</a>; <a target=\"_blank\" href=\"https://www.ncbi.nlm.nih.gov/data-hub/taxonomy/201174/\">p__Actinobacteria</a>; <a target=\"_blank\" href=\"https://www.ncbi.nlm.nih.gov/data-hub/taxonomy/1760/\">c__Actinomycetia</a>; <a target=\"_blank\" href=\"https://www.ncbi.nlm.nih.gov/data-hub/taxonomy/85010/\">o__Pseudonocardiales</a>; <a target=\"_blank\" href=\"https://www.ncbi.nlm.nih.gov/data-hub/taxonomy/2070/\">f__Pseudonocardiaceae</a>; <a target=\"_blank\" href=\"https://www.ncbi.nlm.nih.gov/data-hub/taxonomy/1835/\">g__Saccharopolyspora</a>; <a target=\"_blank\" href=\"https://www.ncbi.nlm.nih.gov/data-hub/taxonomy/1836/\">s__Saccharopolyspora erythraea</a>; <a target=\"_blank\" href=\"https://www.ncbi.nlm.nih.gov/data-hub/taxonomy/405948/\">x__Saccharopolyspora erythraea NRRL 2338</a>","{'taxon': 'd__Bacteria', 'taxonId': '2'}","{'taxon': 'p__Actinobacteria', 'taxonId': '201174'}","{'taxon': 'c__Actinomycetia', 'taxonId': '1760'}","{'taxon': 'o__Pseudonocardiales', 'taxonId': '85010'}","{'taxon': 'f__Pseudonocardiaceae', 'taxonId': '2070'}","{'taxon': 'g__Saccharopolyspora', 'taxonId': '1835'}","{'taxon': 's__Saccharopolyspora erythraea', 'taxonId': '1836'}","[{'taxon': 'd__Bacteria', 'taxonId': '2'}, {'taxon': 'x__Terrabacteria group', 'taxonId': '1783272'}, {'taxon': 'p__Actinobacteria', 'taxonId': '201174'}, {'taxon': 'c__Actinomycetia', 'taxonId': '1760'}, {'taxon': 'o__Pseudonocardiales', 'taxonId': '85010'}, {'taxon': 'f__Pseudonocardiaceae', 'taxonId': '2070'}, {'taxon': 'g__Saccharopolyspora', 'taxonId': '1835'}, {'taxon': 's__Saccharopolyspora erythraea', 'taxonId': '1836'}, {'taxon': 'x__Saccharopolyspora erythraea NRRL 2338', 'taxonId': '405948'}]","Genome found","S. erythraea","#377EB8","g__Saccharopolyspora_D","N5","GCF_002564065.1 - S. erythraea"
"GCF_900116135.1","R214","d__Bacteria","p__Actinomycetota","c__Actinomycetia","o__Mycobacteriales","f__Pseudonocardiaceae","g__Saccharopolyspora","flava","s__Saccharopolyspora flava","GCA_900116135.1","GCF_900116135.1",19,24,453928,1461917,22,505605,1461917,6291299,70.7756295432172,0,99.47,1.76,0,4,1,1,5631,88.7400201452832,"GCA_900116135.1","DSM 44771","Scaffold","IMG-taxon 2599185150 annotated assembly","na","PRJNA224116","SAMN05660874","","2016-11-05",NA,"full",NA,"",NA,0,5642,"representative genome","2016/11/05",2,95161,3,"DOE - JOINT GENOME INSTITUTE",95161,190,11,51,0,"latest","FOZX00000000.1","type strain of species","LPSN","type strain of species","type strain of species",2001,"False","d__Bacteria;p__Actinobacteria;c__Actinomycetia;o__Pseudonocardiales;f__Pseudonocardiaceae;g__Saccharopolyspora;s__Saccharopolyspora flava","d__Bacteria;x__Terrabacteria group;p__Actinobacteria;c__Actinomycetia;o__Pseudonocardiales;f__Pseudonocardiaceae;g__Saccharopolyspora;s__Saccharopolyspora flava","True","RS_GCF_900116135.1","assembly from type material","d__Bacteria","p__Actinomycetota","c__Actinomycetia","o__Mycobacteriales","f__Pseudonocardiaceae","g__Saccharopolyspora","s__Saccharopolyspora flava","type strain of species","5S/16S/23S","GCA_900116135.1",1,"https://lpsn.dsmz.de/species/saccharopolyspora-flava","<a target=\"_blank\" href=\"https://www.ncbi.nlm.nih.gov/data-hub/taxonomy/2/\">d__Bacteria</a>; <a target=\"_blank\" href=\"https://www.ncbi.nlm.nih.gov/data-hub/taxonomy/201174/\">p__Actinobacteria</a>; <a target=\"_blank\" href=\"https://www.ncbi.nlm.nih.gov/data-hub/taxonomy/1760/\">c__Actinomycetia</a>; <a target=\"_blank\" href=\"https://www.ncbi.nlm.nih.gov/data-hub/taxonomy/85010/\">o__Pseudonocardiales</a>; <a target=\"_blank\" href=\"https://www.ncbi.nlm.nih.gov/data-hub/taxonomy/2070/\">f__Pseudonocardiaceae</a>; <a target=\"_blank\" href=\"https://www.ncbi.nlm.nih.gov/data-hub/taxonomy/1835/\">g__Saccharopolyspora</a>; <a target=\"_blank\" href=\"https://www.ncbi.nlm.nih.gov/data-hub/taxonomy/95161/\">s__Saccharopolyspora flava</a>","<a target=\"_blank\" href=\"https://www.ncbi.nlm.nih.gov/data-hub/taxonomy/2/\">d__Bacteria</a>; <a target=\"_blank\" href=\"https://www.ncbi.nlm.nih.gov/data-hub/taxonomy/1783272/\">x__Terrabacteria group</a>; <a target=\"_blank\" href=\"https://www.ncbi.nlm.nih.gov/data-hub/taxonomy/201174/\">p__Actinobacteria</a>; <a target=\"_blank\" href=\"https://www.ncbi.nlm.nih.gov/data-hub/taxonomy/1760/\">c__Actinomycetia</a>; <a target=\"_blank\" href=\"https://www.ncbi.nlm.nih.gov/data-hub/taxonomy/85010/\">o__Pseudonocardiales</a>; <a target=\"_blank\" href=\"https://www.ncbi.nlm.nih.gov/data-hub/taxonomy/2070/\">f__Pseudonocardiaceae</a>; <a target=\"_blank\" href=\"https://www.ncbi.nlm.nih.gov/data-hub/taxonomy/1835/\">g__Saccharopolyspora</a>; <a target=\"_blank\" href=\"https://www.ncbi.nlm.nih.gov/data-hub/taxonomy/95161/\">s__Saccharopolyspora flava</a>","{'taxon': 'd__Bacteria', 'taxonId': '2'}","{'taxon': 'p__Actinobacteria', 'taxonId': '201174'}","{'taxon': 'c__Actinomycetia', 'taxonId': '1760'}","{'taxon': 'o__Pseudonocardiales', 'taxonId': '85010'}","{'taxon': 'f__Pseudonocardiaceae', 'taxonId': '2070'}","{'taxon': 'g__Saccharopolyspora', 'taxonId': '1835'}","{'taxon': 's__Saccharopolyspora flava', 'taxonId': '95161'}","[{'taxon': 'd__Bacteria', 'taxonId': '2'}, {'taxon': 'x__Terrabacteria group', 'taxonId': '1783272'}, {'taxon': 'p__Actinobacteria', 'taxonId': '201174'}, {'taxon': 'c__Actinomycetia', 'taxonId': '1760'}, {'taxon': 'o__Pseudonocardiales', 'taxonId': '85010'}, {'taxon': 'f__Pseudonocardiaceae', 'taxonId': '2070'}, {'taxon': 'g__Saccharopolyspora', 'taxonId': '1835'}, {'taxon': 's__Saccharopolyspora flava', 'taxonId': '95161'}]","Genome found","S. flava","#E41A1C","g__Saccharopolyspora","N10","GCF_900116135.1 - S. flava"
"GCF_014203325.1","R214","d__Bacteria","p__Actinomycetota","c__Actinomycetia","o__Mycobacteriales","f__Pseudonocardiaceae","g__Saccharopolyspora_C","gloriosae","s__Saccharopolyspora_C gloriosae","GCA_014203325.1","GCF_014203325.1",19,1,6825909,6825909,1,6825909,6825909,6825909,71.1036874356221,0,99.47,1.54,0,4,4,4,5929,86.1240605463683,"GCA_014203325.1","DSM 45582","Contig","ASM1420332v1","na","PRJNA224116","SAMN05878036","","2020-08-14",NA,"full",NA,"",NA,0,5916,"representative genome","2020/08/14",0,455344,4,"DOE Joint Genome Institute",455344,0,11,51,0,"latest","JACHIV000000000.1","type strain of species","LPSN","type strain of species","type strain of species",2010,"False","d__Bacteria;p__Actinobacteria;c__Actinomycetia;o__Pseudonocardiales;f__Pseudonocardiaceae;g__Saccharopolyspora;s__Saccharopolyspora gloriosae","d__Bacteria;x__Terrabacteria group;p__Actinobacteria;c__Actinomycetia;o__Pseudonocardiales;f__Pseudonocardiaceae;g__Saccharopolyspora;s__Saccharopolyspora gloriosae","True","RS_GCF_014203325.1","assembly from type material","d__Bacteria","p__Actinomycetota","c__Actinomycetia","o__Mycobacteriales","f__Pseudonocardiaceae","g__Saccharopolyspora_C","s__Saccharopolyspora_C gloriosae","type strain of species","5S/16S/23S","GCA_014203325.1",1,"","<a target=\"_blank\" href=\"https://www.ncbi.nlm.nih.gov/data-hub/taxonomy/2/\">d__Bacteria</a>; <a target=\"_blank\" href=\"https://www.ncbi.nlm.nih.gov/data-hub/taxonomy/201174/\">p__Actinobacteria</a>; <a target=\"_blank\" href=\"https://www.ncbi.nlm.nih.gov/data-hub/taxonomy/1760/\">c__Actinomycetia</a>; <a target=\"_blank\" href=\"https://www.ncbi.nlm.nih.gov/data-hub/taxonomy/85010/\">o__Pseudonocardiales</a>; <a target=\"_blank\" href=\"https://www.ncbi.nlm.nih.gov/data-hub/taxonomy/2070/\">f__Pseudonocardiaceae</a>; <a target=\"_blank\" href=\"https://www.ncbi.nlm.nih.gov/data-hub/taxonomy/1835/\">g__Saccharopolyspora</a>; <a target=\"_blank\" href=\"https://www.ncbi.nlm.nih.gov/data-hub/taxonomy/455344/\">s__Saccharopolyspora gloriosae</a>","<a target=\"_blank\" href=\"https://www.ncbi.nlm.nih.gov/data-hub/taxonomy/2/\">d__Bacteria</a>; <a target=\"_blank\" href=\"https://www.ncbi.nlm.nih.gov/data-hub/taxonomy/1783272/\">x__Terrabacteria group</a>; <a target=\"_blank\" href=\"https://www.ncbi.nlm.nih.gov/data-hub/taxonomy/201174/\">p__Actinobacteria</a>; <a target=\"_blank\" href=\"https://www.ncbi.nlm.nih.gov/data-hub/taxonomy/1760/\">c__Actinomycetia</a>; <a target=\"_blank\" href=\"https://www.ncbi.nlm.nih.gov/data-hub/taxonomy/85010/\">o__Pseudonocardiales</a>; <a target=\"_blank\" href=\"https://www.ncbi.nlm.nih.gov/data-hub/taxonomy/2070/\">f__Pseudonocardiaceae</a>; <a target=\"_blank\" href=\"https://www.ncbi.nlm.nih.gov/data-hub/taxonomy/1835/\">g__Saccharopolyspora</a>; <a target=\"_blank\" href=\"https://www.ncbi.nlm.nih.gov/data-hub/taxonomy/455344/\">s__Saccharopolyspora gloriosae</a>","{'taxon': 'd__Bacteria', 'taxonId': '2'}","{'taxon': 'p__Actinobacteria', 'taxonId': '201174'}","{'taxon': 'c__Actinomycetia', 'taxonId': '1760'}","{'taxon': 'o__Pseudonocardiales', 'taxonId': '85010'}","{'taxon': 'f__Pseudonocardiaceae', 'taxonId': '2070'}","{'taxon': 'g__Saccharopolyspora', 'taxonId': '1835'}","{'taxon': 's__Saccharopolyspora gloriosae', 'taxonId': '455344'}","[{'taxon': 'd__Bacteria', 'taxonId': '2'}, {'taxon': 'x__Terrabacteria group', 'taxonId': '1783272'}, {'taxon': 'p__Actinobacteria', 'taxonId': '201174'}, {'taxon': 'c__Actinomycetia', 'taxonId': '1760'}, {'taxon': 'o__Pseudonocardiales', 'taxonId': '85010'}, {'taxon': 'f__Pseudonocardiaceae', 'taxonId': '2070'}, {'taxon': 'g__Saccharopolyspora', 'taxonId': '1835'}, {'taxon': 's__Saccharopolyspora gloriosae', 'taxonId': '455344'}]","Genome found","S. gloriosae","#4DAF4A","g__Saccharopolyspora_C","N7","GCF_014203325.1 - S. gloriosae"
"GCF_022828475.1","unknown","d__Bacteria","p__Actinobacteriota","c__Actinomycetia","o__Mycobacteriales","f__Pseudonocardiaceae","g__Saccharopolyspora_C","s__","s__","","",NA,NA,NA,NA,NA,NA,NA,NA,NA,NA,NA,NA,NA,NA,NA,NA,NA,NA,"","","","","","","","","",NA,"",NA,"",NA,NA,NA,"","",NA,NA,NA,"",NA,NA,NA,NA,NA,"","","","","","",NA,"","","","","","","","","","","","","","","","",NA,"","","","","","","","","","","","","","#4DAF4A","g__Saccharopolyspora_C","N7","GCF_022828475.1 - "
"GCF_024734405.1","unknown","d__Bacteria","p__Actinobacteriota","c__Actinomycetia","o__Mycobacteriales","f__Pseudonocardiaceae","g__Saccharopolyspora_C","s__","s__","","",NA,NA,NA,NA,NA,NA,NA,NA,NA,NA,NA,NA,NA,NA,NA,NA,NA,NA,"","","","","","","","","",NA,"",NA,"",NA,NA,NA,"","",NA,NA,NA,"",NA,NA,NA,NA,NA,"","","","","","",NA,"","","","","","","","","","","","","","","","",NA,"","","","","","","","","","","","","","#4DAF4A","g__Saccharopolyspora_C","N7","GCF_024734405.1 - "
"GCF_008630535.1","R214","d__Bacteria","p__Actinomycetota","c__Actinomycetia","o__Mycobacteriales","f__Pseudonocardiaceae","g__Saccharopolyspora","hirsuta","s__Saccharopolyspora hirsuta","GCA_008630535.1","GCF_008630535.1",19,46,504440,688257,46,504440,688257,7549392,71.4029951021221,0,99.44,2.62,0,4,2,4,6830,88.1183014473219,"GCA_008630535.1","VKM Ac-666","Contig","ASM863053v1","na","PRJNA224116","SAMN12725943","Trinidad and Tobago: Trinidad","2019-09-20",NA,"full",NA,"sugar cane bagasse",NA,0,6822,"representative genome","2019/09/20",0,1837,4,"PSCBR RAS G.K. Skryabin Institute of Biochemistry and Physiology of Microorganisms RAS",1837,0,11,53,0,"latest","VWPH00000000.1","type strain of species","LPSN","type strain of species","type strain of species",1975,"True","d__Bacteria;p__Actinobacteria;c__Actinomycetia;o__Pseudonocardiales;f__Pseudonocardiaceae;g__Saccharopolyspora;s__Saccharopolyspora hirsuta","d__Bacteria;x__Terrabacteria group;p__Actinobacteria;c__Actinomycetia;o__Pseudonocardiales;f__Pseudonocardiaceae;g__Saccharopolyspora;s__Saccharopolyspora hirsuta","True","RS_GCF_008630535.1","assembly from type material","d__Bacteria","p__Actinomycetota","c__Actinomycetia","o__Mycobacteriales","f__Pseudonocardiaceae","g__Saccharopolyspora","s__Saccharopolyspora hirsuta","type strain of species","5S/16S/23S","GCA_008630535.1",1,"https://lpsn.dsmz.de/species/saccharopolyspora-hirsuta","<a target=\"_blank\" href=\"https://www.ncbi.nlm.nih.gov/data-hub/taxonomy/2/\">d__Bacteria</a>; <a target=\"_blank\" href=\"https://www.ncbi.nlm.nih.gov/data-hub/taxonomy/201174/\">p__Actinobacteria</a>; <a target=\"_blank\" href=\"https://www.ncbi.nlm.nih.gov/data-hub/taxonomy/1760/\">c__Actinomycetia</a>; <a target=\"_blank\" href=\"https://www.ncbi.nlm.nih.gov/data-hub/taxonomy/85010/\">o__Pseudonocardiales</a>; <a target=\"_blank\" href=\"https://www.ncbi.nlm.nih.gov/data-hub/taxonomy/2070/\">f__Pseudonocardiaceae</a>; <a target=\"_blank\" href=\"https://www.ncbi.nlm.nih.gov/data-hub/taxonomy/1835/\">g__Saccharopolyspora</a>; <a target=\"_blank\" href=\"https://www.ncbi.nlm.nih.gov/data-hub/taxonomy/1837/\">s__Saccharopolyspora hirsuta</a>","<a target=\"_blank\" href=\"https://www.ncbi.nlm.nih.gov/data-hub/taxonomy/2/\">d__Bacteria</a>; <a target=\"_blank\" href=\"https://www.ncbi.nlm.nih.gov/data-hub/taxonomy/1783272/\">x__Terrabacteria group</a>; <a target=\"_blank\" href=\"https://www.ncbi.nlm.nih.gov/data-hub/taxonomy/201174/\">p__Actinobacteria</a>; <a target=\"_blank\" href=\"https://www.ncbi.nlm.nih.gov/data-hub/taxonomy/1760/\">c__Actinomycetia</a>; <a target=\"_blank\" href=\"https://www.ncbi.nlm.nih.gov/data-hub/taxonomy/85010/\">o__Pseudonocardiales</a>; <a target=\"_blank\" href=\"https://www.ncbi.nlm.nih.gov/data-hub/taxonomy/2070/\">f__Pseudonocardiaceae</a>; <a target=\"_blank\" href=\"https://www.ncbi.nlm.nih.gov/data-hub/taxonomy/1835/\">g__Saccharopolyspora</a>; <a target=\"_blank\" href=\"https://www.ncbi.nlm.nih.gov/data-hub/taxonomy/1837/\">s__Saccharopolyspora hirsuta</a>","{'taxon': 'd__Bacteria', 'taxonId': '2'}","{'taxon': 'p__Actinobacteria', 'taxonId': '201174'}","{'taxon': 'c__Actinomycetia', 'taxonId': '1760'}","{'taxon': 'o__Pseudonocardiales', 'taxonId': '85010'}","{'taxon': 'f__Pseudonocardiaceae', 'taxonId': '2070'}","{'taxon': 'g__Saccharopolyspora', 'taxonId': '1835'}","{'taxon': 's__Saccharopolyspora hirsuta', 'taxonId': '1837'}","[{'taxon': 'd__Bacteria', 'taxonId': '2'}, {'taxon': 'x__Terrabacteria group', 'taxonId': '1783272'}, {'taxon': 'p__Actinobacteria', 'taxonId': '201174'}, {'taxon': 'c__Actinomycetia', 'taxonId': '1760'}, {'taxon': 'o__Pseudonocardiales', 'taxonId': '85010'}, {'taxon': 'f__Pseudonocardiaceae', 'taxonId': '2070'}, {'taxon': 'g__Saccharopolyspora', 'taxonId': '1835'}, {'taxon': 's__Saccharopolyspora hirsuta', 'taxonId': '1837'}]","Genome found","S. hirsuta","#E41A1C","g__Saccharopolyspora","N10","GCF_008630535.1 - S. hirsuta"
"GCF_013410345.1","R214","d__Bacteria","p__Actinomycetota","c__Actinomycetia","o__Mycobacteriales","f__Pseudonocardiaceae","g__Saccharopolyspora","hordei","s__Saccharopolyspora hordei","GCA_013410345.1","GCF_013410345.1",19,1,5783988,5783988,1,5783988,5783988,5783988,72.479144147602,0,99.65,1.84,0,5,5,5,5267,87.912855282549,"GCA_013410345.1","DSM 44065","Contig","ASM1341034v1","na","PRJNA224116","SAMN14908465","","2020-07-13",NA,"full",NA,"",NA,0,5239,"representative genome","2020/07/13",0,1838,5,"DOE Joint Genome Institute",1838,0,11,51,0,"latest","JACCFJ000000000.1","type strain of species","LPSN","type strain of species","type strain of species",1989,"False","d__Bacteria;p__Actinobacteria;c__Actinomycetia;o__Pseudonocardiales;f__Pseudonocardiaceae;g__Saccharopolyspora;s__Saccharopolyspora hordei","d__Bacteria;x__Terrabacteria group;p__Actinobacteria;c__Actinomycetia;o__Pseudonocardiales;f__Pseudonocardiaceae;g__Saccharopolyspora;s__Saccharopolyspora hordei","True","RS_GCF_013410345.1","assembly from type material","d__Bacteria","p__Actinomycetota","c__Actinomycetia","o__Mycobacteriales","f__Pseudonocardiaceae","g__Saccharopolyspora","s__Saccharopolyspora hordei","type strain of species","5S/16S/23S","GCA_013410345.1",1,"https://lpsn.dsmz.de/species/saccharopolyspora-hordei","<a target=\"_blank\" href=\"https://www.ncbi.nlm.nih.gov/data-hub/taxonomy/2/\">d__Bacteria</a>; <a target=\"_blank\" href=\"https://www.ncbi.nlm.nih.gov/data-hub/taxonomy/201174/\">p__Actinobacteria</a>; <a target=\"_blank\" href=\"https://www.ncbi.nlm.nih.gov/data-hub/taxonomy/1760/\">c__Actinomycetia</a>; <a target=\"_blank\" href=\"https://www.ncbi.nlm.nih.gov/data-hub/taxonomy/85010/\">o__Pseudonocardiales</a>; <a target=\"_blank\" href=\"https://www.ncbi.nlm.nih.gov/data-hub/taxonomy/2070/\">f__Pseudonocardiaceae</a>; <a target=\"_blank\" href=\"https://www.ncbi.nlm.nih.gov/data-hub/taxonomy/1835/\">g__Saccharopolyspora</a>; <a target=\"_blank\" href=\"https://www.ncbi.nlm.nih.gov/data-hub/taxonomy/1838/\">s__Saccharopolyspora hordei</a>","<a target=\"_blank\" href=\"https://www.ncbi.nlm.nih.gov/data-hub/taxonomy/2/\">d__Bacteria</a>; <a target=\"_blank\" href=\"https://www.ncbi.nlm.nih.gov/data-hub/taxonomy/1783272/\">x__Terrabacteria group</a>; <a target=\"_blank\" href=\"https://www.ncbi.nlm.nih.gov/data-hub/taxonomy/201174/\">p__Actinobacteria</a>; <a target=\"_blank\" href=\"https://www.ncbi.nlm.nih.gov/data-hub/taxonomy/1760/\">c__Actinomycetia</a>; <a target=\"_blank\" href=\"https://www.ncbi.nlm.nih.gov/data-hub/taxonomy/85010/\">o__Pseudonocardiales</a>; <a target=\"_blank\" href=\"https://www.ncbi.nlm.nih.gov/data-hub/taxonomy/2070/\">f__Pseudonocardiaceae</a>; <a target=\"_blank\" href=\"https://www.ncbi.nlm.nih.gov/data-hub/taxonomy/1835/\">g__Saccharopolyspora</a>; <a target=\"_blank\" href=\"https://www.ncbi.nlm.nih.gov/data-hub/taxonomy/1838/\">s__Saccharopolyspora hordei</a>","{'taxon': 'd__Bacteria', 'taxonId': '2'}","{'taxon': 'p__Actinobacteria', 'taxonId': '201174'}","{'taxon': 'c__Actinomycetia', 'taxonId': '1760'}","{'taxon': 'o__Pseudonocardiales', 'taxonId': '85010'}","{'taxon': 'f__Pseudonocardiaceae', 'taxonId': '2070'}","{'taxon': 'g__Saccharopolyspora', 'taxonId': '1835'}","{'taxon': 's__Saccharopolyspora hordei', 'taxonId': '1838'}","[{'taxon': 'd__Bacteria', 'taxonId': '2'}, {'taxon': 'x__Terrabacteria group', 'taxonId': '1783272'}, {'taxon': 'p__Actinobacteria', 'taxonId': '201174'}, {'taxon': 'c__Actinomycetia', 'taxonId': '1760'}, {'taxon': 'o__Pseudonocardiales', 'taxonId': '85010'}, {'taxon': 'f__Pseudonocardiaceae', 'taxonId': '2070'}, {'taxon': 'g__Saccharopolyspora', 'taxonId': '1835'}, {'taxon': 's__Saccharopolyspora hordei', 'taxonId': '1838'}]","Genome found","S. hordei","#E41A1C","g__Saccharopolyspora","N10","GCF_013410345.1 - S. hordei"
"GCF_900112555.1","R214","d__Bacteria","p__Actinomycetota","c__Actinomycetia","o__Mycobacteriales","f__Pseudonocardiaceae","g__Saccharopolyspora","kobensis","s__Saccharopolyspora kobensis","GCA_900112555.1","GCF_900112555.1",19,31,406024,1200418,28,406024,1963067,7777251,70.8999584472519,0,99.53,2.72,0,4,1,2,7257,88.108626042801,"GCA_900112555.1","CGMCC 4.3529","Scaffold","IMG-taxon 2667527438 annotated assembly","na","PRJNA224116","SAMN05216506","","2016-11-05",NA,"full",NA,"",NA,0,7220,"representative genome","2016/11/05",3,146035,5,"DOE - JOINT GENOME INSTITUTE",146035,1592,11,54,0,"latest","FOME00000000.1","type strain of heterotypic synonym","LPSN","type strain of heterotypic synonym","type strain of species",2009,"False","d__Bacteria;p__Actinobacteria;c__Actinomycetia;o__Pseudonocardiales;f__Pseudonocardiaceae;g__Saccharopolyspora;s__Saccharopolyspora kobensis","d__Bacteria;x__Terrabacteria group;p__Actinobacteria;c__Actinomycetia;o__Pseudonocardiales;f__Pseudonocardiaceae;g__Saccharopolyspora;s__Saccharopolyspora kobensis","False","RS_GCF_900108315.1","assembly from synonym type material","d__Bacteria","p__Actinomycetota","c__Actinomycetia","o__Mycobacteriales","f__Pseudonocardiaceae","g__Saccharopolyspora","s__Saccharopolyspora kobensis","type strain of heterotypic synonym","5S/16S/23S","GCA_900108315.1",2,"https://lpsn.dsmz.de/species/saccharopolyspora-kobensis","<a target=\"_blank\" href=\"https://www.ncbi.nlm.nih.gov/data-hub/taxonomy/2/\">d__Bacteria</a>; <a target=\"_blank\" href=\"https://www.ncbi.nlm.nih.gov/data-hub/taxonomy/201174/\">p__Actinobacteria</a>; <a target=\"_blank\" href=\"https://www.ncbi.nlm.nih.gov/data-hub/taxonomy/1760/\">c__Actinomycetia</a>; <a target=\"_blank\" href=\"https://www.ncbi.nlm.nih.gov/data-hub/taxonomy/85010/\">o__Pseudonocardiales</a>; <a target=\"_blank\" href=\"https://www.ncbi.nlm.nih.gov/data-hub/taxonomy/2070/\">f__Pseudonocardiaceae</a>; <a target=\"_blank\" href=\"https://www.ncbi.nlm.nih.gov/data-hub/taxonomy/1835/\">g__Saccharopolyspora</a>; <a target=\"_blank\" href=\"https://www.ncbi.nlm.nih.gov/data-hub/taxonomy/146035/\">s__Saccharopolyspora kobensis</a>","<a target=\"_blank\" href=\"https://www.ncbi.nlm.nih.gov/data-hub/taxonomy/2/\">d__Bacteria</a>; <a target=\"_blank\" href=\"https://www.ncbi.nlm.nih.gov/data-hub/taxonomy/1783272/\">x__Terrabacteria group</a>; <a target=\"_blank\" href=\"https://www.ncbi.nlm.nih.gov/data-hub/taxonomy/201174/\">p__Actinobacteria</a>; <a target=\"_blank\" href=\"https://www.ncbi.nlm.nih.gov/data-hub/taxonomy/1760/\">c__Actinomycetia</a>; <a target=\"_blank\" href=\"https://www.ncbi.nlm.nih.gov/data-hub/taxonomy/85010/\">o__Pseudonocardiales</a>; <a target=\"_blank\" href=\"https://www.ncbi.nlm.nih.gov/data-hub/taxonomy/2070/\">f__Pseudonocardiaceae</a>; <a target=\"_blank\" href=\"https://www.ncbi.nlm.nih.gov/data-hub/taxonomy/1835/\">g__Saccharopolyspora</a>; <a target=\"_blank\" href=\"https://www.ncbi.nlm.nih.gov/data-hub/taxonomy/146035/\">s__Saccharopolyspora kobensis</a>","{'taxon': 'd__Bacteria', 'taxonId': '2'}","{'taxon': 'p__Actinobacteria', 'taxonId': '201174'}","{'taxon': 'c__Actinomycetia', 'taxonId': '1760'}","{'taxon': 'o__Pseudonocardiales', 'taxonId': '85010'}","{'taxon': 'f__Pseudonocardiaceae', 'taxonId': '2070'}","{'taxon': 'g__Saccharopolyspora', 'taxonId': '1835'}","{'taxon': 's__Saccharopolyspora kobensis', 'taxonId': '146035'}","[{'taxon': 'd__Bacteria', 'taxonId': '2'}, {'taxon': 'x__Terrabacteria group', 'taxonId': '1783272'}, {'taxon': 'p__Actinobacteria', 'taxonId': '201174'}, {'taxon': 'c__Actinomycetia', 'taxonId': '1760'}, {'taxon': 'o__Pseudonocardiales', 'taxonId': '85010'}, {'taxon': 'f__Pseudonocardiaceae', 'taxonId': '2070'}, {'taxon': 'g__Saccharopolyspora', 'taxonId': '1835'}, {'taxon': 's__Saccharopolyspora kobensis', 'taxonId': '146035'}]","Genome found","S. kobensis","#E41A1C","g__Saccharopolyspora","N10","GCF_900112555.1 - S. kobensis"
"GCF_900108315.1","R214","d__Bacteria","p__Actinomycetota","c__Actinomycetia","o__Mycobacteriales","f__Pseudonocardiaceae","g__Saccharopolyspora","kobensis","s__Saccharopolyspora kobensis","GCA_900108315.1","GCF_900108315.1",19,33,469672,1077102,27,729242,1906593,7744048,70.8954942332584,0,99.65,2.72,0,5,1,2,7185,88.0443922868247,"GCA_900108315.1","ATCC 20501","Scaffold","IMG-taxon 2597490365 annotated assembly","na","PRJNA224116","SAMN02982929","","2016-10-24",NA,"full",NA,"",NA,0,7170,"na","2016/10/24",6,146035,6,"DOE - JOINT GENOME INSTITUTE",146035,4322,11,54,0,"latest","FNVB00000000.1","type strain of species","LPSN","type strain of species","not type material",1989,"False","d__Bacteria;p__Actinobacteria;c__Actinomycetia;o__Pseudonocardiales;f__Pseudonocardiaceae;g__Saccharopolyspora;s__Saccharopolyspora kobensis","d__Bacteria;x__Terrabacteria group;p__Actinobacteria;c__Actinomycetia;o__Pseudonocardiales;f__Pseudonocardiaceae;g__Saccharopolyspora;s__Saccharopolyspora kobensis","True","RS_GCF_900108315.1","assembly from type material","d__Bacteria","p__Actinomycetota","c__Actinomycetia","o__Mycobacteriales","f__Pseudonocardiaceae","g__Saccharopolyspora","s__Saccharopolyspora kobensis","type strain of species","5S/16S/23S","GCA_900108315.1",2,"https://lpsn.dsmz.de/species/saccharopolyspora-kobensis","<a target=\"_blank\" href=\"https://www.ncbi.nlm.nih.gov/data-hub/taxonomy/2/\">d__Bacteria</a>; <a target=\"_blank\" href=\"https://www.ncbi.nlm.nih.gov/data-hub/taxonomy/201174/\">p__Actinobacteria</a>; <a target=\"_blank\" href=\"https://www.ncbi.nlm.nih.gov/data-hub/taxonomy/1760/\">c__Actinomycetia</a>; <a target=\"_blank\" href=\"https://www.ncbi.nlm.nih.gov/data-hub/taxonomy/85010/\">o__Pseudonocardiales</a>; <a target=\"_blank\" href=\"https://www.ncbi.nlm.nih.gov/data-hub/taxonomy/2070/\">f__Pseudonocardiaceae</a>; <a target=\"_blank\" href=\"https://www.ncbi.nlm.nih.gov/data-hub/taxonomy/1835/\">g__Saccharopolyspora</a>; <a target=\"_blank\" href=\"https://www.ncbi.nlm.nih.gov/data-hub/taxonomy/146035/\">s__Saccharopolyspora kobensis</a>","<a target=\"_blank\" href=\"https://www.ncbi.nlm.nih.gov/data-hub/taxonomy/2/\">d__Bacteria</a>; <a target=\"_blank\" href=\"https://www.ncbi.nlm.nih.gov/data-hub/taxonomy/1783272/\">x__Terrabacteria group</a>; <a target=\"_blank\" href=\"https://www.ncbi.nlm.nih.gov/data-hub/taxonomy/201174/\">p__Actinobacteria</a>; <a target=\"_blank\" href=\"https://www.ncbi.nlm.nih.gov/data-hub/taxonomy/1760/\">c__Actinomycetia</a>; <a target=\"_blank\" href=\"https://www.ncbi.nlm.nih.gov/data-hub/taxonomy/85010/\">o__Pseudonocardiales</a>; <a target=\"_blank\" href=\"https://www.ncbi.nlm.nih.gov/data-hub/taxonomy/2070/\">f__Pseudonocardiaceae</a>; <a target=\"_blank\" href=\"https://www.ncbi.nlm.nih.gov/data-hub/taxonomy/1835/\">g__Saccharopolyspora</a>; <a target=\"_blank\" href=\"https://www.ncbi.nlm.nih.gov/data-hub/taxonomy/146035/\">s__Saccharopolyspora kobensis</a>","{'taxon': 'd__Bacteria', 'taxonId': '2'}","{'taxon': 'p__Actinobacteria', 'taxonId': '201174'}","{'taxon': 'c__Actinomycetia', 'taxonId': '1760'}","{'taxon': 'o__Pseudonocardiales', 'taxonId': '85010'}","{'taxon': 'f__Pseudonocardiaceae', 'taxonId': '2070'}","{'taxon': 'g__Saccharopolyspora', 'taxonId': '1835'}","{'taxon': 's__Saccharopolyspora kobensis', 'taxonId': '146035'}","[{'taxon': 'd__Bacteria', 'taxonId': '2'}, {'taxon': 'x__Terrabacteria group', 'taxonId': '1783272'}, {'taxon': 'p__Actinobacteria', 'taxonId': '201174'}, {'taxon': 'c__Actinomycetia', 'taxonId': '1760'}, {'taxon': 'o__Pseudonocardiales', 'taxonId': '85010'}, {'taxon': 'f__Pseudonocardiaceae', 'taxonId': '2070'}, {'taxon': 'g__Saccharopolyspora', 'taxonId': '1835'}, {'taxon': 's__Saccharopolyspora kobensis', 'taxonId': '146035'}]","Genome found","S. kobensis","#E41A1C","g__Saccharopolyspora","N10","GCF_900108315.1 - S. kobensis"
"GCF_014203395.1","R214","d__Bacteria","p__Actinomycetota","c__Actinomycetia","o__Mycobacteriales","f__Pseudonocardiaceae","g__Saccharopolyspora","phatthalungensis","s__Saccharopolyspora phatthalungensis","GCA_014203395.1","GCF_014203395.1",19,6,5889697,5889697,6,5889697,5889697,8541735,67.725807461833,0,99.29,4.08,0,4,4,4,7445,86.5513036871315,"GCA_014203395.1","DSM 45584","Contig","ASM1420339v1","na","PRJNA224116","SAMN05878392","","2020-08-14",NA,"full",NA,"",NA,0,7331,"representative genome","2020/08/14",0,664693,4,"DOE Joint Genome Institute",664693,0,11,52,0,"latest","JACHIW000000000.1","type strain of species","LPSN","type strain of species","type strain of species",2010,"False","d__Bacteria;p__Actinobacteria;c__Actinomycetia;o__Pseudonocardiales;f__Pseudonocardiaceae;g__Saccharopolyspora;s__Saccharopolyspora phatthalungensis","d__Bacteria;x__Terrabacteria group;p__Actinobacteria;c__Actinomycetia;o__Pseudonocardiales;f__Pseudonocardiaceae;g__Saccharopolyspora;s__Saccharopolyspora phatthalungensis","True","RS_GCF_014203395.1","assembly from type material","d__Bacteria","p__Actinomycetota","c__Actinomycetia","o__Mycobacteriales","f__Pseudonocardiaceae","g__Saccharopolyspora","s__Saccharopolyspora phatthalungensis","type strain of species","5S/16S/23S","GCA_014203395.1",2,"https://lpsn.dsmz.de/species/saccharopolyspora-phatthalungensis","<a target=\"_blank\" href=\"https://www.ncbi.nlm.nih.gov/data-hub/taxonomy/2/\">d__Bacteria</a>; <a target=\"_blank\" href=\"https://www.ncbi.nlm.nih.gov/data-hub/taxonomy/201174/\">p__Actinobacteria</a>; <a target=\"_blank\" href=\"https://www.ncbi.nlm.nih.gov/data-hub/taxonomy/1760/\">c__Actinomycetia</a>; <a target=\"_blank\" href=\"https://www.ncbi.nlm.nih.gov/data-hub/taxonomy/85010/\">o__Pseudonocardiales</a>; <a target=\"_blank\" href=\"https://www.ncbi.nlm.nih.gov/data-hub/taxonomy/2070/\">f__Pseudonocardiaceae</a>; <a target=\"_blank\" href=\"https://www.ncbi.nlm.nih.gov/data-hub/taxonomy/1835/\">g__Saccharopolyspora</a>; <a target=\"_blank\" href=\"https://www.ncbi.nlm.nih.gov/data-hub/taxonomy/664693/\">s__Saccharopolyspora phatthalungensis</a>","<a target=\"_blank\" href=\"https://www.ncbi.nlm.nih.gov/data-hub/taxonomy/2/\">d__Bacteria</a>; <a target=\"_blank\" href=\"https://www.ncbi.nlm.nih.gov/data-hub/taxonomy/1783272/\">x__Terrabacteria group</a>; <a target=\"_blank\" href=\"https://www.ncbi.nlm.nih.gov/data-hub/taxonomy/201174/\">p__Actinobacteria</a>; <a target=\"_blank\" href=\"https://www.ncbi.nlm.nih.gov/data-hub/taxonomy/1760/\">c__Actinomycetia</a>; <a target=\"_blank\" href=\"https://www.ncbi.nlm.nih.gov/data-hub/taxonomy/85010/\">o__Pseudonocardiales</a>; <a target=\"_blank\" href=\"https://www.ncbi.nlm.nih.gov/data-hub/taxonomy/2070/\">f__Pseudonocardiaceae</a>; <a target=\"_blank\" href=\"https://www.ncbi.nlm.nih.gov/data-hub/taxonomy/1835/\">g__Saccharopolyspora</a>; <a target=\"_blank\" href=\"https://www.ncbi.nlm.nih.gov/data-hub/taxonomy/664693/\">s__Saccharopolyspora phatthalungensis</a>","{'taxon': 'd__Bacteria', 'taxonId': '2'}","{'taxon': 'p__Actinobacteria', 'taxonId': '201174'}","{'taxon': 'c__Actinomycetia', 'taxonId': '1760'}","{'taxon': 'o__Pseudonocardiales', 'taxonId': '85010'}","{'taxon': 'f__Pseudonocardiaceae', 'taxonId': '2070'}","{'taxon': 'g__Saccharopolyspora', 'taxonId': '1835'}","{'taxon': 's__Saccharopolyspora phatthalungensis', 'taxonId': '664693'}","[{'taxon': 'd__Bacteria', 'taxonId': '2'}, {'taxon': 'x__Terrabacteria group', 'taxonId': '1783272'}, {'taxon': 'p__Actinobacteria', 'taxonId': '201174'}, {'taxon': 'c__Actinomycetia', 'taxonId': '1760'}, {'taxon': 'o__Pseudonocardiales', 'taxonId': '85010'}, {'taxon': 'f__Pseudonocardiaceae', 'taxonId': '2070'}, {'taxon': 'g__Saccharopolyspora', 'taxonId': '1835'}, {'taxon': 's__Saccharopolyspora phatthalungensis', 'taxonId': '664693'}]","Genome found","S. phatthalungensis","#E41A1C","g__Saccharopolyspora","N10","GCF_014203395.1 - S. phatthalungensis"
"GCF_014697215.1","R214","d__Bacteria","p__Actinomycetota","c__Actinomycetia","o__Mycobacteriales","f__Pseudonocardiaceae","g__Saccharopolyspora","pogona","s__Saccharopolyspora pogona","GCA_014697215.1","GCF_014697215.1",19,3,9436548,9436548,3,9436548,9436548,9608180,67.9249972419334,0,99.88,5.94,3.33,5,5,5,9217,84.1772219088319,"GCA_014697215.1","NRRL30141","Complete Genome","ASM1469721v1","na","PRJNA224116","SAMN09531813","USA:Indiana","2020-09-22",NA,"full",NA,"soil",NA,3,9183,"representative genome","2020/09/22",0,333966,5,"Hunan Normal University",333966,0,11,54,0,"latest","","not type material","","not type material","",NA,"False","d__Bacteria;p__Actinobacteria;c__Actinomycetia;o__Pseudonocardiales;f__Pseudonocardiaceae;g__Saccharopolyspora;s__Saccharopolyspora pogona","d__Bacteria;x__Terrabacteria group;p__Actinobacteria;c__Actinomycetia;o__Pseudonocardiales;f__Pseudonocardiaceae;g__Saccharopolyspora;s__Saccharopolyspora pogona","True","RS_GCF_014697215.1","","d__Bacteria","p__Actinomycetota","c__Actinomycetia","o__Mycobacteriales","f__Pseudonocardiaceae","g__Saccharopolyspora","s__Saccharopolyspora pogona","not type material","5S/16S/23S","GCA_014697215.1",2,"","<a target=\"_blank\" href=\"https://www.ncbi.nlm.nih.gov/data-hub/taxonomy/2/\">d__Bacteria</a>; <a target=\"_blank\" href=\"https://www.ncbi.nlm.nih.gov/data-hub/taxonomy/201174/\">p__Actinobacteria</a>; <a target=\"_blank\" href=\"https://www.ncbi.nlm.nih.gov/data-hub/taxonomy/1760/\">c__Actinomycetia</a>; <a target=\"_blank\" href=\"https://www.ncbi.nlm.nih.gov/data-hub/taxonomy/85010/\">o__Pseudonocardiales</a>; <a target=\"_blank\" href=\"https://www.ncbi.nlm.nih.gov/data-hub/taxonomy/2070/\">f__Pseudonocardiaceae</a>; <a target=\"_blank\" href=\"https://www.ncbi.nlm.nih.gov/data-hub/taxonomy/1835/\">g__Saccharopolyspora</a>; <a target=\"_blank\" href=\"https://www.ncbi.nlm.nih.gov/data-hub/taxonomy/333966/\">s__Saccharopolyspora pogona</a>","<a target=\"_blank\" href=\"https://www.ncbi.nlm.nih.gov/data-hub/taxonomy/2/\">d__Bacteria</a>; <a target=\"_blank\" href=\"https://www.ncbi.nlm.nih.gov/data-hub/taxonomy/1783272/\">x__Terrabacteria group</a>; <a target=\"_blank\" href=\"https://www.ncbi.nlm.nih.gov/data-hub/taxonomy/201174/\">p__Actinobacteria</a>; <a target=\"_blank\" href=\"https://www.ncbi.nlm.nih.gov/data-hub/taxonomy/1760/\">c__Actinomycetia</a>; <a target=\"_blank\" href=\"https://www.ncbi.nlm.nih.gov/data-hub/taxonomy/85010/\">o__Pseudonocardiales</a>; <a target=\"_blank\" href=\"https://www.ncbi.nlm.nih.gov/data-hub/taxonomy/2070/\">f__Pseudonocardiaceae</a>; <a target=\"_blank\" href=\"https://www.ncbi.nlm.nih.gov/data-hub/taxonomy/1835/\">g__Saccharopolyspora</a>; <a target=\"_blank\" href=\"https://www.ncbi.nlm.nih.gov/data-hub/taxonomy/333966/\">s__Saccharopolyspora pogona</a>","{'taxon': 'd__Bacteria', 'taxonId': '2'}","{'taxon': 'p__Actinobacteria', 'taxonId': '201174'}","{'taxon': 'c__Actinomycetia', 'taxonId': '1760'}","{'taxon': 'o__Pseudonocardiales', 'taxonId': '85010'}","{'taxon': 'f__Pseudonocardiaceae', 'taxonId': '2070'}","{'taxon': 'g__Saccharopolyspora', 'taxonId': '1835'}","{'taxon': 's__Saccharopolyspora pogona', 'taxonId': '333966'}","[{'taxon': 'd__Bacteria', 'taxonId': '2'}, {'taxon': 'x__Terrabacteria group', 'taxonId': '1783272'}, {'taxon': 'p__Actinobacteria', 'taxonId': '201174'}, {'taxon': 'c__Actinomycetia', 'taxonId': '1760'}, {'taxon': 'o__Pseudonocardiales', 'taxonId': '85010'}, {'taxon': 'f__Pseudonocardiaceae', 'taxonId': '2070'}, {'taxon': 'g__Saccharopolyspora', 'taxonId': '1835'}, {'taxon': 's__Saccharopolyspora pogona', 'taxonId': '333966'}]","Genome found","S. pogona","#E41A1C","g__Saccharopolyspora","N10","GCF_014697215.1 - S. pogona"
"GCF_003931915.1","R214","d__Bacteria","p__Actinomycetota","c__Actinomycetia","o__Mycobacteriales","f__Pseudonocardiaceae","g__Saccharopolyspora","rhizosphaerae","s__Saccharopolyspora rhizosphaerae","GCA_003931915.1","GCF_003931915.1",19,36,345543,768785,35,345543,768785,5824618,70.6329561618647,0,100,1.49,0,1,1,1,5362,85.9602123263706,"GCA_003931915.1","H219","Scaffold","ASM393191v1","na","PRJNA224116","SAMN10498557","Thailand","2018-12-09",NA,"full",NA,"rhizosphere soil",NA,0,5313,"representative genome","2018/12/09",1,2492662,2,"Mahidol University",2492662,123,11,51,0,"latest","RSAA00000000.1","type strain of species","LPSN","type strain of species","not type material",2019,"False","d__Bacteria;p__Actinobacteria;c__Actinomycetia;o__Pseudonocardiales;f__Pseudonocardiaceae;g__Saccharopolyspora;s__Saccharopolyspora rhizosphaerae","d__Bacteria;x__Terrabacteria group;p__Actinobacteria;c__Actinomycetia;o__Pseudonocardiales;f__Pseudonocardiaceae;g__Saccharopolyspora;s__Saccharopolyspora rhizosphaerae","True","RS_GCF_003931915.1","assembly from type material","d__Bacteria","p__Actinomycetota","c__Actinomycetia","o__Mycobacteriales","f__Pseudonocardiaceae","g__Saccharopolyspora","s__Saccharopolyspora rhizosphaerae","type strain of species","5S/16S/23S","GCA_003931915.1",1,"https://lpsn.dsmz.de/species/saccharopolyspora-rhizosphaerae","<a target=\"_blank\" href=\"https://www.ncbi.nlm.nih.gov/data-hub/taxonomy/2/\">d__Bacteria</a>; <a target=\"_blank\" href=\"https://www.ncbi.nlm.nih.gov/data-hub/taxonomy/201174/\">p__Actinobacteria</a>; <a target=\"_blank\" href=\"https://www.ncbi.nlm.nih.gov/data-hub/taxonomy/1760/\">c__Actinomycetia</a>; <a target=\"_blank\" href=\"https://www.ncbi.nlm.nih.gov/data-hub/taxonomy/85010/\">o__Pseudonocardiales</a>; <a target=\"_blank\" href=\"https://www.ncbi.nlm.nih.gov/data-hub/taxonomy/2070/\">f__Pseudonocardiaceae</a>; <a target=\"_blank\" href=\"https://www.ncbi.nlm.nih.gov/data-hub/taxonomy/1835/\">g__Saccharopolyspora</a>; <a target=\"_blank\" href=\"https://www.ncbi.nlm.nih.gov/data-hub/taxonomy/2492662/\">s__Saccharopolyspora rhizosphaerae</a>","<a target=\"_blank\" href=\"https://www.ncbi.nlm.nih.gov/data-hub/taxonomy/2/\">d__Bacteria</a>; <a target=\"_blank\" href=\"https://www.ncbi.nlm.nih.gov/data-hub/taxonomy/1783272/\">x__Terrabacteria group</a>; <a target=\"_blank\" href=\"https://www.ncbi.nlm.nih.gov/data-hub/taxonomy/201174/\">p__Actinobacteria</a>; <a target=\"_blank\" href=\"https://www.ncbi.nlm.nih.gov/data-hub/taxonomy/1760/\">c__Actinomycetia</a>; <a target=\"_blank\" href=\"https://www.ncbi.nlm.nih.gov/data-hub/taxonomy/85010/\">o__Pseudonocardiales</a>; <a target=\"_blank\" href=\"https://www.ncbi.nlm.nih.gov/data-hub/taxonomy/2070/\">f__Pseudonocardiaceae</a>; <a target=\"_blank\" href=\"https://www.ncbi.nlm.nih.gov/data-hub/taxonomy/1835/\">g__Saccharopolyspora</a>; <a target=\"_blank\" href=\"https://www.ncbi.nlm.nih.gov/data-hub/taxonomy/2492662/\">s__Saccharopolyspora rhizosphaerae</a>","{'taxon': 'd__Bacteria', 'taxonId': '2'}","{'taxon': 'p__Actinobacteria', 'taxonId': '201174'}","{'taxon': 'c__Actinomycetia', 'taxonId': '1760'}","{'taxon': 'o__Pseudonocardiales', 'taxonId': '85010'}","{'taxon': 'f__Pseudonocardiaceae', 'taxonId': '2070'}","{'taxon': 'g__Saccharopolyspora', 'taxonId': '1835'}","{'taxon': 's__Saccharopolyspora rhizosphaerae', 'taxonId': '2492662'}","[{'taxon': 'd__Bacteria', 'taxonId': '2'}, {'taxon': 'x__Terrabacteria group', 'taxonId': '1783272'}, {'taxon': 'p__Actinobacteria', 'taxonId': '201174'}, {'taxon': 'c__Actinomycetia', 'taxonId': '1760'}, {'taxon': 'o__Pseudonocardiales', 'taxonId': '85010'}, {'taxon': 'f__Pseudonocardiaceae', 'taxonId': '2070'}, {'taxon': 'g__Saccharopolyspora', 'taxonId': '1835'}, {'taxon': 's__Saccharopolyspora rhizosphaerae', 'taxonId': '2492662'}]","Genome found","S. rhizosphaerae","#E41A1C","g__Saccharopolyspora","N10","GCF_003931915.1 - S. rhizosphaerae"
"GCF_025643595.1","unknown","d__Bacteria","p__Actinobacteriota","c__Actinomycetia","o__Mycobacteriales","f__Pseudonocardiaceae","g__Saccharopolyspora","s__","s__","","",NA,NA,NA,NA,NA,NA,NA,NA,NA,NA,NA,NA,NA,NA,NA,NA,NA,NA,"","","","","","","","","",NA,"",NA,"",NA,NA,NA,"","",NA,NA,NA,"",NA,NA,NA,NA,NA,"","","","","","",NA,"","","","","","","","","","","","","","","","",NA,"","","","","","","","","","","","","","#E41A1C","g__Saccharopolyspora","N10","GCF_025643595.1 - "
"GCF_012277335.1","R214","d__Bacteria","p__Actinomycetota","c__Actinomycetia","o__Mycobacteriales","f__Pseudonocardiaceae","g__Saccharopolyspora","pogona","s__Saccharopolyspora pogona","GCA_012277335.1","GCF_012277335.1",19,1,8045912,8045912,1,8045912,8045912,8045912,68.104510713018,0,99.88,3.05,5.88,5,5,5,7504,84.2299418636445,"GCA_012277335.1","ASAGF58","Complete Genome","ASM1227733v1","na","PRJNA224116","SAMN11488380","China: Wenzhou","2020-04-14",NA,"full",NA,"soil",NA,1,7450,"na","2020/04/14",0,2719023,5,"Academy of National Food and Strategic Reserves Administration",2719023,0,11,53,0,"latest","","not type material","","not type material","not type material",NA,"False","d__Bacteria;p__Actinobacteria;c__Actinomycetia;o__Pseudonocardiales;f__Pseudonocardiaceae;g__Saccharopolyspora;s__","d__Bacteria;x__Terrabacteria group;p__Actinobacteria;c__Actinomycetia;o__Pseudonocardiales;f__Pseudonocardiaceae;g__Saccharopolyspora;x__unclassified Saccharopolyspora;s__Saccharopolyspora sp. ASAGF58","False","RS_GCF_014697215.1","","d__Bacteria","p__Actinomycetota","c__Actinomycetia","o__Mycobacteriales","f__Pseudonocardiaceae","g__Saccharopolyspora","s__Saccharopolyspora pogona","not type material","5S/16S/23S","GCA_014697215.1",2,"","<a target=\"_blank\" href=\"https://www.ncbi.nlm.nih.gov/data-hub/taxonomy/2/\">d__Bacteria</a>; <a target=\"_blank\" href=\"https://www.ncbi.nlm.nih.gov/data-hub/taxonomy/201174/\">p__Actinobacteria</a>; <a target=\"_blank\" href=\"https://www.ncbi.nlm.nih.gov/data-hub/taxonomy/1760/\">c__Actinomycetia</a>; <a target=\"_blank\" href=\"https://www.ncbi.nlm.nih.gov/data-hub/taxonomy/85010/\">o__Pseudonocardiales</a>; <a target=\"_blank\" href=\"https://www.ncbi.nlm.nih.gov/data-hub/taxonomy/2070/\">f__Pseudonocardiaceae</a>; <a target=\"_blank\" href=\"https://www.ncbi.nlm.nih.gov/data-hub/taxonomy/1835/\">g__Saccharopolyspora</a>; s__","<a target=\"_blank\" href=\"https://www.ncbi.nlm.nih.gov/data-hub/taxonomy/2/\">d__Bacteria</a>; <a target=\"_blank\" href=\"https://www.ncbi.nlm.nih.gov/data-hub/taxonomy/1783272/\">x__Terrabacteria group</a>; <a target=\"_blank\" href=\"https://www.ncbi.nlm.nih.gov/data-hub/taxonomy/201174/\">p__Actinobacteria</a>; <a target=\"_blank\" href=\"https://www.ncbi.nlm.nih.gov/data-hub/taxonomy/1760/\">c__Actinomycetia</a>; <a target=\"_blank\" href=\"https://www.ncbi.nlm.nih.gov/data-hub/taxonomy/85010/\">o__Pseudonocardiales</a>; <a target=\"_blank\" href=\"https://www.ncbi.nlm.nih.gov/data-hub/taxonomy/2070/\">f__Pseudonocardiaceae</a>; <a target=\"_blank\" href=\"https://www.ncbi.nlm.nih.gov/data-hub/taxonomy/1835/\">g__Saccharopolyspora</a>; <a target=\"_blank\" href=\"https://www.ncbi.nlm.nih.gov/data-hub/taxonomy/2646250/\">x__unclassified Saccharopolyspora</a>; <a target=\"_blank\" href=\"https://www.ncbi.nlm.nih.gov/data-hub/taxonomy/2719023/\">s__Saccharopolyspora sp. ASAGF58</a>","{'taxon': 'd__Bacteria', 'taxonId': '2'}","{'taxon': 'p__Actinobacteria', 'taxonId': '201174'}","{'taxon': 'c__Actinomycetia', 'taxonId': '1760'}","{'taxon': 'o__Pseudonocardiales', 'taxonId': '85010'}","{'taxon': 'f__Pseudonocardiaceae', 'taxonId': '2070'}","{'taxon': 'g__Saccharopolyspora', 'taxonId': '1835'}","{'taxon': 's__', 'taxonId': None}","[{'taxon': 'd__Bacteria', 'taxonId': '2'}, {'taxon': 'x__Terrabacteria group', 'taxonId': '1783272'}, {'taxon': 'p__Actinobacteria', 'taxonId': '201174'}, {'taxon': 'c__Actinomycetia', 'taxonId': '1760'}, {'taxon': 'o__Pseudonocardiales', 'taxonId': '85010'}, {'taxon': 'f__Pseudonocardiaceae', 'taxonId': '2070'}, {'taxon': 'g__Saccharopolyspora', 'taxonId': '1835'}, {'taxon': 'x__unclassified Saccharopolyspora', 'taxonId': '2646250'}, {'taxon': 's__Saccharopolyspora sp. ASAGF58', 'taxonId': '2719023'}]","Genome found","S. pogona","#E41A1C","g__Saccharopolyspora","N10","GCF_012277335.1 - S. pogona"
"GCF_016526145.1","R214","d__Bacteria","p__Actinomycetota","c__Actinomycetia","o__Mycobacteriales","f__Pseudonocardiaceae","g__Saccharopolyspora_C","sp016526145","s__Saccharopolyspora_C sp016526145","GCA_016526145.1","GCF_016526145.1",19,35,406614,979558,34,454807,979558,6397171,70.2927324083162,0,99.47,1.48,0,3,1,1,5826,87.2230240523506,"GCA_016526145.1","HNM0986","Scaffold","ASM1652614v1","na","PRJNA224116","SAMN16483406","China: Hainan","2021-01-05",NA,"full",NA,"marine",NA,0,5841,"na","2021/01/05",1,2781241,1,"Hainan University",2781241,100,11,53,0,"latest","JADDUE000000000.1","not type material","","not type material","",NA,"False","d__Bacteria;p__Actinobacteria;c__Actinomycetia;o__Pseudonocardiales;f__Pseudonocardiaceae;g__Saccharopolyspora;s__","d__Bacteria;x__Terrabacteria group;p__Actinobacteria;c__Actinomycetia;o__Pseudonocardiales;f__Pseudonocardiaceae;g__Saccharopolyspora;x__unclassified Saccharopolyspora;s__Saccharopolyspora sp. HNM0986","True","RS_GCF_016526145.1","","d__Bacteria","p__Actinomycetota","c__Actinomycetia","o__Mycobacteriales","f__Pseudonocardiaceae","g__Saccharopolyspora_C","s__Saccharopolyspora_C sp016526145","not type material","5S/16S/23S","GCA_016526145.1",2,"","<a target=\"_blank\" href=\"https://www.ncbi.nlm.nih.gov/data-hub/taxonomy/2/\">d__Bacteria</a>; <a target=\"_blank\" href=\"https://www.ncbi.nlm.nih.gov/data-hub/taxonomy/201174/\">p__Actinobacteria</a>; <a target=\"_blank\" href=\"https://www.ncbi.nlm.nih.gov/data-hub/taxonomy/1760/\">c__Actinomycetia</a>; <a target=\"_blank\" href=\"https://www.ncbi.nlm.nih.gov/data-hub/taxonomy/85010/\">o__Pseudonocardiales</a>; <a target=\"_blank\" href=\"https://www.ncbi.nlm.nih.gov/data-hub/taxonomy/2070/\">f__Pseudonocardiaceae</a>; <a target=\"_blank\" href=\"https://www.ncbi.nlm.nih.gov/data-hub/taxonomy/1835/\">g__Saccharopolyspora</a>; s__","<a target=\"_blank\" href=\"https://www.ncbi.nlm.nih.gov/data-hub/taxonomy/2/\">d__Bacteria</a>; <a target=\"_blank\" href=\"https://www.ncbi.nlm.nih.gov/data-hub/taxonomy/1783272/\">x__Terrabacteria group</a>; <a target=\"_blank\" href=\"https://www.ncbi.nlm.nih.gov/data-hub/taxonomy/201174/\">p__Actinobacteria</a>; <a target=\"_blank\" href=\"https://www.ncbi.nlm.nih.gov/data-hub/taxonomy/1760/\">c__Actinomycetia</a>; <a target=\"_blank\" href=\"https://www.ncbi.nlm.nih.gov/data-hub/taxonomy/85010/\">o__Pseudonocardiales</a>; <a target=\"_blank\" href=\"https://www.ncbi.nlm.nih.gov/data-hub/taxonomy/2070/\">f__Pseudonocardiaceae</a>; <a target=\"_blank\" href=\"https://www.ncbi.nlm.nih.gov/data-hub/taxonomy/1835/\">g__Saccharopolyspora</a>; <a target=\"_blank\" href=\"https://www.ncbi.nlm.nih.gov/data-hub/taxonomy/2646250/\">x__unclassified Saccharopolyspora</a>; <a target=\"_blank\" href=\"https://www.ncbi.nlm.nih.gov/data-hub/taxonomy/2781241/\">s__Saccharopolyspora sp. HNM0986</a>","{'taxon': 'd__Bacteria', 'taxonId': '2'}","{'taxon': 'p__Actinobacteria', 'taxonId': '201174'}","{'taxon': 'c__Actinomycetia', 'taxonId': '1760'}","{'taxon': 'o__Pseudonocardiales', 'taxonId': '85010'}","{'taxon': 'f__Pseudonocardiaceae', 'taxonId': '2070'}","{'taxon': 'g__Saccharopolyspora', 'taxonId': '1835'}","{'taxon': 's__', 'taxonId': None}","[{'taxon': 'd__Bacteria', 'taxonId': '2'}, {'taxon': 'x__Terrabacteria group', 'taxonId': '1783272'}, {'taxon': 'p__Actinobacteria', 'taxonId': '201174'}, {'taxon': 'c__Actinomycetia', 'taxonId': '1760'}, {'taxon': 'o__Pseudonocardiales', 'taxonId': '85010'}, {'taxon': 'f__Pseudonocardiaceae', 'taxonId': '2070'}, {'taxon': 'g__Saccharopolyspora', 'taxonId': '1835'}, {'taxon': 'x__unclassified Saccharopolyspora', 'taxonId': '2646250'}, {'taxon': 's__Saccharopolyspora sp. HNM0986', 'taxonId': '2781241'}]","Genome found","S. sp016526145","#4DAF4A","g__Saccharopolyspora_C","N7","GCF_016526145.1 - S. sp016526145"
"GCF_014490055.1","R214","d__Bacteria","p__Actinomycetota","c__Actinomycetia","o__Mycobacteriales","f__Pseudonocardiaceae","g__Saccharopolyspora","spinosa","s__Saccharopolyspora spinosa","GCA_014490055.1","GCF_014490055.1",19,1,8876435,8876435,1,8876435,8876435,8876435,67.9670611005432,0,99.53,3.25,0,5,5,5,8022,84.4692266658856,"GCA_014490055.1","CCTCC M206084","Complete Genome","ASM1449005v1","na","PRJNA224116","SAMN15928325","China: Hunan","2020-09-07",NA,"full",NA,"soil",NA,1,7905,"representative genome","2020/09/07",0,60894,5,"Hunan Normal University",60894,0,11,57,0,"latest","","not type material","","not type material","not type material",NA,"False","d__Bacteria;p__Actinobacteria;c__Actinomycetia;o__Pseudonocardiales;f__Pseudonocardiaceae;g__Saccharopolyspora;s__Saccharopolyspora spinosa","d__Bacteria;x__Terrabacteria group;p__Actinobacteria;c__Actinomycetia;o__Pseudonocardiales;f__Pseudonocardiaceae;g__Saccharopolyspora;s__Saccharopolyspora spinosa","False","RS_GCF_000194155.1","","d__Bacteria","p__Actinomycetota","c__Actinomycetia","o__Mycobacteriales","f__Pseudonocardiaceae","g__Saccharopolyspora","s__Saccharopolyspora spinosa","not type material","5S/16S/23S","GCA_000194155.1",3,"https://lpsn.dsmz.de/species/saccharopolyspora-spinosa","<a target=\"_blank\" href=\"https://www.ncbi.nlm.nih.gov/data-hub/taxonomy/2/\">d__Bacteria</a>; <a target=\"_blank\" href=\"https://www.ncbi.nlm.nih.gov/data-hub/taxonomy/201174/\">p__Actinobacteria</a>; <a target=\"_blank\" href=\"https://www.ncbi.nlm.nih.gov/data-hub/taxonomy/1760/\">c__Actinomycetia</a>; <a target=\"_blank\" href=\"https://www.ncbi.nlm.nih.gov/data-hub/taxonomy/85010/\">o__Pseudonocardiales</a>; <a target=\"_blank\" href=\"https://www.ncbi.nlm.nih.gov/data-hub/taxonomy/2070/\">f__Pseudonocardiaceae</a>; <a target=\"_blank\" href=\"https://www.ncbi.nlm.nih.gov/data-hub/taxonomy/1835/\">g__Saccharopolyspora</a>; <a target=\"_blank\" href=\"https://www.ncbi.nlm.nih.gov/data-hub/taxonomy/60894/\">s__Saccharopolyspora spinosa</a>","<a target=\"_blank\" href=\"https://www.ncbi.nlm.nih.gov/data-hub/taxonomy/2/\">d__Bacteria</a>; <a target=\"_blank\" href=\"https://www.ncbi.nlm.nih.gov/data-hub/taxonomy/1783272/\">x__Terrabacteria group</a>; <a target=\"_blank\" href=\"https://www.ncbi.nlm.nih.gov/data-hub/taxonomy/201174/\">p__Actinobacteria</a>; <a target=\"_blank\" href=\"https://www.ncbi.nlm.nih.gov/data-hub/taxonomy/1760/\">c__Actinomycetia</a>; <a target=\"_blank\" href=\"https://www.ncbi.nlm.nih.gov/data-hub/taxonomy/85010/\">o__Pseudonocardiales</a>; <a target=\"_blank\" href=\"https://www.ncbi.nlm.nih.gov/data-hub/taxonomy/2070/\">f__Pseudonocardiaceae</a>; <a target=\"_blank\" href=\"https://www.ncbi.nlm.nih.gov/data-hub/taxonomy/1835/\">g__Saccharopolyspora</a>; <a target=\"_blank\" href=\"https://www.ncbi.nlm.nih.gov/data-hub/taxonomy/60894/\">s__Saccharopolyspora spinosa</a>","{'taxon': 'd__Bacteria', 'taxonId': '2'}","{'taxon': 'p__Actinobacteria', 'taxonId': '201174'}","{'taxon': 'c__Actinomycetia', 'taxonId': '1760'}","{'taxon': 'o__Pseudonocardiales', 'taxonId': '85010'}","{'taxon': 'f__Pseudonocardiaceae', 'taxonId': '2070'}","{'taxon': 'g__Saccharopolyspora', 'taxonId': '1835'}","{'taxon': 's__Saccharopolyspora spinosa', 'taxonId': '60894'}","[{'taxon': 'd__Bacteria', 'taxonId': '2'}, {'taxon': 'x__Terrabacteria group', 'taxonId': '1783272'}, {'taxon': 'p__Actinobacteria', 'taxonId': '201174'}, {'taxon': 'c__Actinomycetia', 'taxonId': '1760'}, {'taxon': 'o__Pseudonocardiales', 'taxonId': '85010'}, {'taxon': 'f__Pseudonocardiaceae', 'taxonId': '2070'}, {'taxon': 'g__Saccharopolyspora', 'taxonId': '1835'}, {'taxon': 's__Saccharopolyspora spinosa', 'taxonId': '60894'}]","Genome found","S. spinosa","#E41A1C","g__Saccharopolyspora","N10","GCF_014490055.1 - S. spinosa"
"GCF_002846475.1","R214","d__Bacteria","p__Actinomycetota","c__Actinomycetia","o__Mycobacteriales","f__Pseudonocardiaceae","g__Saccharopolyspora","spinosa","s__Saccharopolyspora spinosa","GCA_002846475.1","GCF_002846475.1",19,1,9020646,9020646,1,9020646,9020646,9020646,67.9495016210591,0,99.53,3.25,0,5,5,6,8028,84.7947807729069,"GCA_002846475.1","DSM 44228","Contig","ASM284647v1","na","PRJNA224116","SAMN05216473","","2017-12-21",NA,"full",NA,"",NA,0,7902,"na","2017/12/21",0,60894,5,"DOE Joint Genome Institute",60894,0,11,56,0,"latest","PJNB00000000.1","type strain of species","LPSN","type strain of species","type strain of species",1990,"False","d__Bacteria;p__Actinobacteria;c__Actinomycetia;o__Pseudonocardiales;f__Pseudonocardiaceae;g__Saccharopolyspora;s__Saccharopolyspora spinosa","d__Bacteria;x__Terrabacteria group;p__Actinobacteria;c__Actinomycetia;o__Pseudonocardiales;f__Pseudonocardiaceae;g__Saccharopolyspora;s__Saccharopolyspora spinosa","False","RS_GCF_000194155.1","assembly from type material","d__Bacteria","p__Actinomycetota","c__Actinomycetia","o__Mycobacteriales","f__Pseudonocardiaceae","g__Saccharopolyspora","s__Saccharopolyspora spinosa","type strain of species","5S/16S/23S","GCA_000194155.1",3,"https://lpsn.dsmz.de/species/saccharopolyspora-spinosa","<a target=\"_blank\" href=\"https://www.ncbi.nlm.nih.gov/data-hub/taxonomy/2/\">d__Bacteria</a>; <a target=\"_blank\" href=\"https://www.ncbi.nlm.nih.gov/data-hub/taxonomy/201174/\">p__Actinobacteria</a>; <a target=\"_blank\" href=\"https://www.ncbi.nlm.nih.gov/data-hub/taxonomy/1760/\">c__Actinomycetia</a>; <a target=\"_blank\" href=\"https://www.ncbi.nlm.nih.gov/data-hub/taxonomy/85010/\">o__Pseudonocardiales</a>; <a target=\"_blank\" href=\"https://www.ncbi.nlm.nih.gov/data-hub/taxonomy/2070/\">f__Pseudonocardiaceae</a>; <a target=\"_blank\" href=\"https://www.ncbi.nlm.nih.gov/data-hub/taxonomy/1835/\">g__Saccharopolyspora</a>; <a target=\"_blank\" href=\"https://www.ncbi.nlm.nih.gov/data-hub/taxonomy/60894/\">s__Saccharopolyspora spinosa</a>","<a target=\"_blank\" href=\"https://www.ncbi.nlm.nih.gov/data-hub/taxonomy/2/\">d__Bacteria</a>; <a target=\"_blank\" href=\"https://www.ncbi.nlm.nih.gov/data-hub/taxonomy/1783272/\">x__Terrabacteria group</a>; <a target=\"_blank\" href=\"https://www.ncbi.nlm.nih.gov/data-hub/taxonomy/201174/\">p__Actinobacteria</a>; <a target=\"_blank\" href=\"https://www.ncbi.nlm.nih.gov/data-hub/taxonomy/1760/\">c__Actinomycetia</a>; <a target=\"_blank\" href=\"https://www.ncbi.nlm.nih.gov/data-hub/taxonomy/85010/\">o__Pseudonocardiales</a>; <a target=\"_blank\" href=\"https://www.ncbi.nlm.nih.gov/data-hub/taxonomy/2070/\">f__Pseudonocardiaceae</a>; <a target=\"_blank\" href=\"https://www.ncbi.nlm.nih.gov/data-hub/taxonomy/1835/\">g__Saccharopolyspora</a>; <a target=\"_blank\" href=\"https://www.ncbi.nlm.nih.gov/data-hub/taxonomy/60894/\">s__Saccharopolyspora spinosa</a>","{'taxon': 'd__Bacteria', 'taxonId': '2'}","{'taxon': 'p__Actinobacteria', 'taxonId': '201174'}","{'taxon': 'c__Actinomycetia', 'taxonId': '1760'}","{'taxon': 'o__Pseudonocardiales', 'taxonId': '85010'}","{'taxon': 'f__Pseudonocardiaceae', 'taxonId': '2070'}","{'taxon': 'g__Saccharopolyspora', 'taxonId': '1835'}","{'taxon': 's__Saccharopolyspora spinosa', 'taxonId': '60894'}","[{'taxon': 'd__Bacteria', 'taxonId': '2'}, {'taxon': 'x__Terrabacteria group', 'taxonId': '1783272'}, {'taxon': 'p__Actinobacteria', 'taxonId': '201174'}, {'taxon': 'c__Actinomycetia', 'taxonId': '1760'}, {'taxon': 'o__Pseudonocardiales', 'taxonId': '85010'}, {'taxon': 'f__Pseudonocardiaceae', 'taxonId': '2070'}, {'taxon': 'g__Saccharopolyspora', 'taxonId': '1835'}, {'taxon': 's__Saccharopolyspora spinosa', 'taxonId': '60894'}]","Genome found","S. spinosa","#E41A1C","g__Saccharopolyspora","N10","GCF_002846475.1 - S. spinosa"
"GCF_000194155.1","R214","d__Bacteria","p__Actinomycetota","c__Actinomycetia","o__Mycobacteriales","f__Pseudonocardiaceae","g__Saccharopolyspora","spinosa","s__Saccharopolyspora spinosa","GCA_000194155.1","GCF_000194155.1",19,117,163471,471503,22,2392754,3851573,8581920,68.0566187479596,8,98.64,3,7.69,2,1,1,8230,82.7515870574417,"GCA_000194155.1","NRRL 18395","Scaffold","ASM19415v1","na","PRJNA224116","SAMN02470034","","2011-03-29",NA,"full",NA,"",NA,0,8033,"na","2011/03/29",96,60894,1,"Microbial Genome Research Center, CASPMI, IM-CAS",994479,54144,11,56,0,"latest","AEYC00000000.1","type strain of species","LPSN","type strain of species","type strain of species",1990,"False","d__Bacteria;p__Actinobacteria;c__Actinomycetia;o__Pseudonocardiales;f__Pseudonocardiaceae;g__Saccharopolyspora;s__Saccharopolyspora spinosa","d__Bacteria;x__Terrabacteria group;p__Actinobacteria;c__Actinomycetia;o__Pseudonocardiales;f__Pseudonocardiaceae;g__Saccharopolyspora;s__Saccharopolyspora spinosa;x__Saccharopolyspora spinosa NRRL 18395","True","RS_GCF_000194155.1","assembly from type material","d__Bacteria","p__Actinomycetota","c__Actinomycetia","o__Mycobacteriales","f__Pseudonocardiaceae","g__Saccharopolyspora","s__Saccharopolyspora spinosa","type strain of species","5S/16S/23S","GCA_000194155.1",3,"https://lpsn.dsmz.de/species/saccharopolyspora-spinosa","<a target=\"_blank\" href=\"https://www.ncbi.nlm.nih.gov/data-hub/taxonomy/2/\">d__Bacteria</a>; <a target=\"_blank\" href=\"https://www.ncbi.nlm.nih.gov/data-hub/taxonomy/201174/\">p__Actinobacteria</a>; <a target=\"_blank\" href=\"https://www.ncbi.nlm.nih.gov/data-hub/taxonomy/1760/\">c__Actinomycetia</a>; <a target=\"_blank\" href=\"https://www.ncbi.nlm.nih.gov/data-hub/taxonomy/85010/\">o__Pseudonocardiales</a>; <a target=\"_blank\" href=\"https://www.ncbi.nlm.nih.gov/data-hub/taxonomy/2070/\">f__Pseudonocardiaceae</a>; <a target=\"_blank\" href=\"https://www.ncbi.nlm.nih.gov/data-hub/taxonomy/1835/\">g__Saccharopolyspora</a>; <a target=\"_blank\" href=\"https://www.ncbi.nlm.nih.gov/data-hub/taxonomy/60894/\">s__Saccharopolyspora spinosa</a>","<a target=\"_blank\" href=\"https://www.ncbi.nlm.nih.gov/data-hub/taxonomy/2/\">d__Bacteria</a>; <a target=\"_blank\" href=\"https://www.ncbi.nlm.nih.gov/data-hub/taxonomy/1783272/\">x__Terrabacteria group</a>; <a target=\"_blank\" href=\"https://www.ncbi.nlm.nih.gov/data-hub/taxonomy/201174/\">p__Actinobacteria</a>; <a target=\"_blank\" href=\"https://www.ncbi.nlm.nih.gov/data-hub/taxonomy/1760/\">c__Actinomycetia</a>; <a target=\"_blank\" href=\"https://www.ncbi.nlm.nih.gov/data-hub/taxonomy/85010/\">o__Pseudonocardiales</a>; <a target=\"_blank\" href=\"https://www.ncbi.nlm.nih.gov/data-hub/taxonomy/2070/\">f__Pseudonocardiaceae</a>; <a target=\"_blank\" href=\"https://www.ncbi.nlm.nih.gov/data-hub/taxonomy/1835/\">g__Saccharopolyspora</a>; <a target=\"_blank\" href=\"https://www.ncbi.nlm.nih.gov/data-hub/taxonomy/60894/\">s__Saccharopolyspora spinosa</a>; <a target=\"_blank\" href=\"https://www.ncbi.nlm.nih.gov/data-hub/taxonomy/994479/\">x__Saccharopolyspora spinosa NRRL 18395</a>","{'taxon': 'd__Bacteria', 'taxonId': '2'}","{'taxon': 'p__Actinobacteria', 'taxonId': '201174'}","{'taxon': 'c__Actinomycetia', 'taxonId': '1760'}","{'taxon': 'o__Pseudonocardiales', 'taxonId': '85010'}","{'taxon': 'f__Pseudonocardiaceae', 'taxonId': '2070'}","{'taxon': 'g__Saccharopolyspora', 'taxonId': '1835'}","{'taxon': 's__Saccharopolyspora spinosa', 'taxonId': '60894'}","[{'taxon': 'd__Bacteria', 'taxonId': '2'}, {'taxon': 'x__Terrabacteria group', 'taxonId': '1783272'}, {'taxon': 'p__Actinobacteria', 'taxonId': '201174'}, {'taxon': 'c__Actinomycetia', 'taxonId': '1760'}, {'taxon': 'o__Pseudonocardiales', 'taxonId': '85010'}, {'taxon': 'f__Pseudonocardiaceae', 'taxonId': '2070'}, {'taxon': 'g__Saccharopolyspora', 'taxonId': '1835'}, {'taxon': 's__Saccharopolyspora spinosa', 'taxonId': '60894'}, {'taxon': 'x__Saccharopolyspora spinosa NRRL 18395', 'taxonId': '994479'}]","Genome found","S. spinosa","#E41A1C","g__Saccharopolyspora","N10","GCF_000194155.1 - S. spinosa"
